flight_number,Departure_IATA,Arrival_IATA,Airline_IATA,flight_date
VY6281,BOM,BHX,VY,2024-03-12
OZ9541,HAJ,GVA,OZ,2024-03-12
B62235,HND,BCN,B6,2024-05-07
JT4523,KIN,VIE,JT,2024-05-13
TR9505,NAS,NCL,TR,2024-07-16
LO517,HND,WAW,LO,2024-09-27
QH1605,MAD,DUS,QH,2024-08-10
AF9029,NBO,KIN,AF,2024-01-13
LA2190,GIG,SJO,LA,2024-04-08
LO9198,BCN,MNL,LO,2024-08-06
SA4959,CPT,LEJ,SA,2024-01-18
EK388,MNL,HKG,EK,2024-04-08
FJ5280,YYZ,BOM,FJ,2024-01-10
RO5115,PUJ,TLS,RO,2024-05-23
AY4759,TLS,FRA,AY,2024-09-29
AI1274,KEF,CWL,AI,2024-06-08
IB497,MBJ,SAL,IB,2024-02-10
AH8396,ICN,SGN,AH,2024-07-11
KU7543,MAD,MRS,KU,2024-09-19
SK3693,POS,MEL,SK,2024-07-17
G31594,DXB,LBA,G3,2024-06-21
JU671,FRA,SJO,JU,2024-03-22
LO7825,LIS,HND,LO,2024-02-24
RO3293,SAL,WLG,RO,2024-04-08
AS1737,BOG,PTY,AS,2024-09-09
RJ4828,MNL,CDG,RJ,2024-01-10
Y42985,BUD,MBJ,Y4,2024-07-28
DT9635,NBO,LPL,DT,2024-03-28
F9848,CWL,ATH,F9,2024-07-11
CA4655,DXB,SYD,CA,2024-09-08
GF5983,BRU,MAD,GF,2024-03-04
G34473,LIS,MXP,G3,2024-09-12
JA494,BKK,NAS,JA,2024-02-15
TK7204,GIG,KEF,TK,2024-09-10
WB3919,PUJ,ICN,WB,2024-01-30
NZ849,BER,EDI,NZ,2024-03-27
KL8626,NTE,FCO,KL,2024-02-06
QR7117,HKG,BOM,QR,2024-01-30
HY5937,DUS,POS,HY,2024-01-28
PR3819,DXB,CGK,PR,2024-05-13
FI3970,MAN,AKL,FI,2024-07-11
CA5440,POS,MEX,CA,2024-07-06
IB5065,BCN,WLG,IB,2024-06-30
AA712,NTE,PRG,AA,2024-01-22
SV3875,CAI,MRS,SV,2024-01-09
G32730,BRS,ATL,G3,2024-08-22
PC5864,BFS,SJO,PC,2024-02-14
VA8065,BUD,NBO,VA,2024-04-06
TS5433,BER,ORD,TS,2024-02-21
LA3433,DXB,LAX,LA,2024-03-16
SQ709,DUS,LPL,SQ,2024-08-05
SA6385,SCL,BUD,SA,2024-09-27
FR4557,DXB,NTE,FR,2024-03-28
AI7915,BRU,TLS,AI,2024-07-30
BT8738,LBA,DEN,BT,2024-06-23
CZ865,HEL,NBO,CZ,2024-04-04
MH7522,GIG,KIN,MH,2024-05-15
AT5291,LHR,SYD,AT,2024-05-05
CZ9295,OSL,NCE,CZ,2024-06-19
EW3241,HAN,ARN,EW,2024-04-30
EI3557,DOH,LPL,EI,2024-01-20
SK6309,HAM,BUD,SK,2024-04-26
MK942,GUA,CHC,MK,2024-05-27
EI4947,BSB,POS,EI,2024-08-14
MS2038,MAD,LYS,MS,2024-02-14
TG5154,MEX,POS,TG,2024-03-25
AD5755,SJO,HAV,AD,2024-01-04
6E8687,CPT,SYD,6E,2024-06-17
VB4015,MRS,BOG,VB,2024-09-12
UL9975,PUJ,GLA,UL,2024-01-03
J25658,WAW,LEJ,J2,2024-06-16
F95921,ARN,NCL,F9,2024-01-31
MS2702,HKG,BHX,MS,2024-01-29
Y46808,AMS,EZE,Y4,2024-04-17
SG413,FRA,DFW,SG,2024-07-30
JT8178,FCO,ORD,JT,2024-03-27
HY6446,PRG,ATL,HY,2024-05-05
SK5461,NCL,BCN,SK,2024-06-18
EK1248,SIN,MXP,EK,2024-06-29
AT8214,KIN,DOH,AT,2024-05-24
Y4592,MBJ,BOG,Y4,2024-03-23
AD1967,BKK,NUE,AD,2024-05-29
KC6520,CGN,FRA,KC,2024-03-20
BT8550,GIG,ARN,BT,2024-07-19
OS3292,POS,DOH,OS,2024-09-26
LX2080,ORD,HAM,LX,2024-05-01
EY927,JNB,AKL,EY,2024-06-27
QR5377,BSL,BFS,QR,2024-09-09
EK4707,HND,SDQ,EK,2024-09-18
AI4013,HAN,MRS,AI,2024-02-23
PR7138,MXP,JNB,PR,2024-05-23
PX8067,PRG,LYS,PX,2024-06-03
TK8872,MNL,BOD,TK,2024-01-13
TG1608,NAS,BHX,TG,2024-02-09
KC2408,HAJ,BOG,KC,2024-06-04
KM8911,BRU,CGN,KM,2024-08-07
WB9215,DOH,DXB,WB,2024-01-28
PC9734,LYS,NCL,PC,2024-01-20
BA9218,MNL,MEL,BA,2024-02-17
F91907,PTY,KIN,F9,2024-05-17
SK5305,SAL,BER,SK,2024-06-26
RO6301,HEL,DUS,RO,2024-08-17
DT8119,BSL,KIN,DT,2024-03-22
SK8822,DUB,GVA,SK,2024-08-12
PC7398,HAN,BER,PC,2024-03-31
SV8489,BRS,SJO,SV,2024-07-21
JT5240,KIN,DUB,JT,2024-07-02
LO7254,SDQ,DEL,LO,2024-01-15
KU3059,HND,DEN,KU,2024-04-15
VY1637,HAJ,ATL,VY,2024-08-05
FJ9063,DFW,DEN,FJ,2024-09-26
AT1782,YYZ,NTE,AT,2024-05-23
VS320,IST,BER,VS,2024-01-07
PX6626,CPH,NCL,PX,2024-01-25
FJ5942,HAM,MRS,FJ,2024-05-10
J21756,ICN,BFS,J2,2024-01-12
JU3244,LYS,WLG,JU,2024-08-19
RJ9847,BHX,CPH,RJ,2024-07-18
FR6196,LBA,SAL,FR,2024-02-10
RO665,DXB,NTE,RO,2024-04-06
MS7289,BUD,JNB,MS,2024-05-05
FR2056,ATH,ZRH,FR,2024-06-03
AF646,POS,GIG,AF,2024-04-16
EY4768,CWL,BSB,EY,2024-01-03
TK2923,SJO,MRS,TK,2024-06-16
WS6664,NUE,EZE,WS,2024-03-02
G38223,NBO,GLA,G3,2024-04-24
QF8576,ICN,MBJ,QF,2024-02-07
TK5955,GVA,LIM,TK,2024-04-16
EI1252,SGN,SCL,EI,2024-05-30
SG438,SDQ,SJO,SG,2024-05-11
AI5205,LAX,GLA,AI,2024-07-09
MK5419,BSB,HND,MK,2024-04-09
KU4052,VIE,SIN,KU,2024-03-15
H27678,MEL,LBA,H2,2024-05-03
UK3437,KIN,STR,UK,2024-07-01
OS5772,LYS,CGK,OS,2024-06-07
TU4714,MRS,MEX,TU,2024-05-13
KU2909,POS,NCL,KU,2024-06-01
JT8334,FCO,BOG,JT,2024-09-16
VS2352,BOG,MRS,VS,2024-08-22
AS3373,LEJ,CGK,AS,2024-06-12
KU7274,MUC,HAJ,KU,2024-01-25
GA1321,LEJ,JNB,GA,2024-04-15
FJ686,MEL,BCN,FJ,2024-04-05
ME4615,POS,ARN,ME,2024-05-04
VS818,DXB,LIS,VS,2024-06-12
TU9749,NTE,MUC,TU,2024-09-29
EK7237,GVA,MNL,EK,2024-09-05
LA8910,PEK,BRS,LA,2024-07-07
AD3524,BSL,GIG,AD,2024-05-05
DL3920,DOH,NBO,DL,2024-05-12
FI8342,POS,SJO,FI,2024-02-09
WS6271,SGN,HAN,WS,2024-03-26
TP9277,HAN,MAD,TP,2024-03-11
QR5736,NTE,NBO,QR,2024-04-27
SQ2058,GLA,BSL,SQ,2024-06-09
OZ8040,HND,YYZ,OZ,2024-04-25
LA6936,PRG,EZE,LA,2024-02-05
PR6429,AKL,ARN,PR,2024-07-09
VA1401,CPT,GUA,VA,2024-08-31
SA2809,EDI,WLG,SA,2024-05-11
RO9578,MAN,MNL,RO,2024-09-01
UL5939,MAN,BFS,UL,2024-02-16
DT4763,ATL,HEL,DT,2024-09-05
HX1729,NCE,CDG,HX,2024-04-21
AF5271,CGK,BHX,AF,2024-04-26
NK1815,CGK,BOG,NK,2024-03-13
PR7435,CHC,MNL,PR,2024-06-15
MK5234,BSB,EDI,MK,2024-06-16
JL3173,DEN,BRU,JL,2024-07-06
QF8871,SJO,LIS,QF,2024-07-15
CX2979,CPH,CHC,CX,2024-05-05
KL1820,VIE,LHR,KL,2024-08-20
VB8042,IST,BUD,VB,2024-06-22
MU8573,PRG,SYD,MU,2024-04-07
Y43615,MNL,NUE,Y4,2024-03-24
HY864,MNL,BRU,HY,2024-08-20
W66416,LIM,NBO,W6,2024-07-17
TK2367,HAV,SGN,TK,2024-01-03
PX528,NAS,NUE,PX,2024-08-13
GA5335,HAM,BSB,GA,2024-09-06
PX7565,LIS,POS,PX,2024-03-21
VN6894,NTE,DEL,VN,2024-08-10
MH4997,OSL,SGN,MH,2024-03-03
JA5260,LPL,DEN,JA,2024-05-16
BA5054,MUC,DXB,BA,2024-03-19
LA8119,DFW,DEN,LA,2024-09-04
CX7819,MEX,LYS,CX,2024-09-17
LA5903,HAJ,BER,LA,2024-07-17
UK3087,SIN,VIE,UK,2024-02-28
LA8032,LIM,POS,LA,2024-03-26
PC291,SCL,CWL,PC,2024-06-20
FI8117,BSB,BHX,FI,2024-06-20
LH8886,ATH,ORD,LH,2024-08-17
FR9629,KEF,NTE,FR,2024-07-25
CA8330,MAD,AKL,CA,2024-07-25
OZ5985,JNB,DUS,OZ,2024-04-14
KM2620,LIM,KIN,KM,2024-08-30
KE8337,IST,HAV,KE,2024-09-10
RJ971,SDQ,CPH,RJ,2024-03-16
F96959,LBA,CGK,F9,2024-02-05
KM6428,SYD,DXB,KM,2024-05-08
FJ3592,LIM,MEL,FJ,2024-03-21
CA2162,FCO,OSL,CA,2024-09-23
VS3674,FCO,ORD,VS,2024-03-24
EW5747,JNB,BOD,EW,2024-02-23
VA2727,CWL,BSL,VA,2024-08-04
AR6852,JNB,SAL,AR,2024-05-18
TU6147,DFW,LIM,TU,2024-02-22
UL753,ORD,BKK,UL,2024-01-18
SQ8364,AMS,LBA,SQ,2024-01-28
RJ2585,MRS,LPL,RJ,2024-03-20
SA2800,NCE,SCL,SA,2024-01-31
WB8483,YYZ,ATL,WB,2024-06-27
KQ1095,PTY,SDQ,KQ,2024-03-11
OZ5645,BSB,TLS,OZ,2024-04-22
JT4421,SAL,CGK,JT,2024-09-26
KE9031,BOD,NBO,KE,2024-01-28
PC3007,BOM,DEN,PC,2024-03-22
OS9186,ICN,SJO,OS,2024-02-27
SA9334,BSB,BFS,SA,2024-04-14
ME9248,GLA,LPL,ME,2024-05-28
NZ4223,LBA,LIM,NZ,2024-06-13
NZ8074,LPL,DOH,NZ,2024-03-15
LX3487,CPH,NCL,LX,2024-01-10
AS869,SAL,BOG,AS,2024-01-10
VB1256,DUB,HEL,VB,2024-01-30
SA5410,NTE,WLG,SA,2024-01-07
H2210,JNB,OSL,H2,2024-03-13
JL5709,STR,BRS,JL,2024-07-12
GF5997,SGN,CDG,GF,2024-06-18
OZ8841,PEK,NUE,OZ,2024-07-27
QR1882,BER,BHX,QR,2024-05-28
H22944,HKG,PTY,H2,2024-03-19
AD3016,LPL,BSB,AD,2024-08-02
UK6110,DXB,GRU,UK,2024-03-17
WY4149,BCN,GLA,WY,2024-02-16
AH3969,NAS,BER,AH,2024-09-08
GF328,MXP,AMS,GF,2024-05-20
AS8494,JNB,SIN,AS,2024-03-29
TS618,NBO,MAN,TS,2024-09-29
SQ5688,PEK,DXB,SQ,2024-04-14
LO7346,DEN,BSL,LO,2024-07-03
QH594,NCL,SIN,QH,2024-01-22
FI5887,DFW,DEN,FI,2024-05-16
CZ3903,PEK,MEX,CZ,2024-06-30
LA8697,BSB,LYS,LA,2024-07-14
VY9147,BOM,DOH,VY,2024-01-06
ET7104,YYZ,DUS,ET,2024-08-20
PC6129,GRU,HAJ,PC,2024-04-05
FZ9401,SJO,ATL,FZ,2024-03-12
JL1244,AMS,HAN,JL,2024-01-04
HX8274,LHR,LIM,HX,2024-06-28
F95551,BCN,JNB,F9,2024-08-02
FJ5435,SCL,LAX,FJ,2024-07-01
ET5721,BRS,KIN,ET,2024-09-19
TS1454,EDI,NCE,TS,2024-02-19
EW4611,GRU,TLS,EW,2024-05-06
EI3800,NTE,LYS,EI,2024-09-02
JT612,LPL,ZRH,JT,2024-01-21
KM1621,MXP,NCL,KM,2024-02-22
CX5338,SIN,SJO,CX,2024-04-10
EY3214,BCN,STR,EY,2024-09-08
GF8780,SAL,BRU,GF,2024-09-27
NZ4460,BSL,BOD,NZ,2024-07-20
NH4560,ARN,BOG,NH,2024-01-26
AH2508,MXP,CAI,AH,2024-07-12
QF5900,KIN,ATL,QF,2024-05-03
VY5955,EDI,NCE,VY,2024-04-24
AF3060,GLA,OSL,AF,2024-07-14
EY8372,GUA,SAL,EY,2024-05-03
A33214,NUE,MNL,A3,2024-08-15
A32884,EDI,LAX,A3,2024-09-08
HU3706,ICN,ATL,HU,2024-02-20
TK2563,CHC,DEL,TK,2024-09-03
BT4737,SCL,BER,BT,2024-02-24
AI7820,AMS,BOM,AI,2024-01-01
RJ3604,LHR,BFS,RJ,2024-06-05
VY9755,CAI,LHR,VY,2024-03-16
VN7728,CPT,EZE,VN,2024-06-18
TK6439,DUB,LYS,TK,2024-07-09
W61731,ATH,HAJ,W6,2024-07-16
TU6014,CHC,OSL,TU,2024-05-24
KQ4601,ATL,MRS,KQ,2024-09-19
AV5671,EZE,BOD,AV,2024-09-12
GA1883,ARN,PEK,GA,2024-07-30
A3649,OSL,MEL,A3,2024-02-06
NZ2256,CPT,BSL,NZ,2024-07-14
U25788,ATH,BKK,U2,2024-03-16
FI1210,SJO,GLA,FI,2024-02-08
A33687,GRU,PTY,A3,2024-07-30
JU4534,EZE,MBJ,JU,2024-02-29
MU3039,BRU,CPH,MU,2024-02-13
AA3377,ATH,WLG,AA,2024-08-08
GF4276,TLS,NCL,GF,2024-04-18
KE2357,DOH,HND,KE,2024-02-16
OS232,NAS,FRA,OS,2024-06-21
EI1309,AMS,JNB,EI,2024-08-09
JU8229,BHX,BFS,JU,2024-01-06
NZ9459,NAS,LEJ,NZ,2024-07-24
IB6490,GLA,BER,IB,2024-07-07
AS366,ZRH,FRA,AS,2024-05-12
LH4664,BUD,LEJ,LH,2024-04-25
EW4052,DOH,GVA,EW,2024-03-31
SV8235,NTE,DUB,SV,2024-03-15
WB7185,BKK,GLA,WB,2024-09-03
SQ5378,LEJ,SDQ,SQ,2024-03-20
A35623,CPH,STR,A3,2024-05-26
DT514,NBO,FCO,DT,2024-06-19
IB4739,SAL,ICN,IB,2024-07-09
AM1339,SDQ,MBJ,AM,2024-04-15
CZ973,HKG,TLS,CZ,2024-01-15
JL1831,MAD,PEK,JL,2024-09-01
TR5759,HND,CGN,TR,2024-09-12
KQ240,JNB,MNL,KQ,2024-09-09
SA5593,LIS,DFW,SA,2024-07-27
CX5114,LEJ,BRS,CX,2024-08-29
EW4739,TLS,DUB,EW,2024-02-23
UA4256,HAJ,BCN,UA,2024-01-05
MK3146,AKL,DUS,MK,2024-03-27
IB7569,LYS,DFW,IB,2024-05-05
FR8942,BRU,ARN,FR,2024-09-07
NH1299,WLG,SAL,NH,2024-02-06
H28201,SAL,SDQ,H2,2024-09-03
VY5429,GRU,BER,VY,2024-01-21
FZ2767,CWL,GLA,FZ,2024-01-30
TU6050,POS,NCE,TU,2024-09-19
AR3685,PUJ,MXP,AR,2024-05-29
SG6609,LAX,CDG,SG,2024-05-19
WY1118,HND,WAW,WY,2024-02-27
NK7372,MEX,LIS,NK,2024-03-08
HU1276,STR,BOD,HU,2024-08-19
OS5218,NUE,ATH,OS,2024-09-03
F91443,ARN,CWL,F9,2024-05-07
B63947,FCO,JNB,B6,2024-04-08
AI7115,SJO,SAL,AI,2024-06-28
SG9903,STR,HAN,SG,2024-07-22
KU6377,SYD,BSL,KU,2024-02-16
UL3754,BOD,NBO,UL,2024-09-10
G36735,ZRH,NBO,G3,2024-06-11
VA7411,CPH,HAM,VA,2024-06-06
OZ6019,FRA,PTY,OZ,2024-06-14
HY4725,BSL,LYS,HY,2024-01-18
RJ191,DFW,CGK,RJ,2024-05-17
OB7771,HAJ,SDQ,OB,2024-03-07
A33918,CGN,MUC,A3,2024-02-20
AM729,MXP,SCL,AM,2024-01-20
KL5676,BCN,PRG,KL,2024-07-22
EK9894,CPH,YYZ,EK,2024-08-19
AF3716,BSB,BKK,AF,2024-08-18
KQ7746,BCN,ZRH,KQ,2024-06-20
OB2135,LEJ,CPT,OB,2024-03-02
CA3849,WLG,SAL,CA,2024-05-29
HY8800,SJO,GVA,HY,2024-06-22
TS6890,SDQ,PTY,TS,2024-08-23
QF688,MAD,BOM,QF,2024-09-13
KE4668,DEL,LYS,KE,2024-01-14
KE5895,HKG,BRS,KE,2024-01-02
DL8502,DUB,SGN,DL,2024-02-21
A33794,DXB,MAN,A3,2024-01-01
KM1952,TLS,DUS,KM,2024-05-08
CA8507,MBJ,SGN,CA,2024-06-28
UK5177,LPL,SJO,UK,2024-03-22
DT1812,POS,LYS,DT,2024-03-25
QF8870,BOM,SCL,QF,2024-01-22
U28904,BCN,FCO,U2,2024-02-06
U24931,GUA,TLS,U2,2024-07-23
DL6555,BFS,HAV,DL,2024-04-04
J22529,SYD,OSL,J2,2024-01-29
W67623,LAX,DFW,W6,2024-03-30
OB5014,HAJ,GRU,OB,2024-03-13
G31332,NTE,WLG,G3,2024-02-28
KU2620,ORD,MAN,KU,2024-02-25
TU3362,SGN,ARN,TU,2024-01-28
TG6326,PTY,OSL,TG,2024-05-30
AY7637,LEJ,ATL,AY,2024-06-19
VN7169,BOM,EDI,VN,2024-04-26
WS5411,BSB,DOH,WS,2024-07-02
B69445,BRU,CWL,B6,2024-03-10
EI6225,CAI,GUA,EI,2024-05-17
IB2673,IST,DFW,IB,2024-08-21
BT5835,HAM,LBA,BT,2024-07-19
UL6924,SCL,DUB,UL,2024-08-28
NK9505,CPH,CHC,NK,2024-01-10
LH5780,MAD,GIG,LH,2024-02-18
QR1932,ZRH,SDQ,QR,2024-01-28
EI1785,MRS,YYZ,EI,2024-09-12
TR7151,MEL,SIN,TR,2024-04-28
VA3562,PTY,SYD,VA,2024-05-22
BA9268,BFS,FRA,BA,2024-02-11
KM5932,LEJ,GUA,KM,2024-03-22
NH1051,POS,SAL,NH,2024-06-16
WS8442,NUE,BSB,WS,2024-07-24
SQ5271,NTE,KEF,SQ,2024-06-05
IB1643,CWL,HAJ,IB,2024-02-12
UL3037,NCE,SGN,UL,2024-05-24
6E3189,SCL,WLG,6E,2024-06-23
EW9353,PTY,VIE,EW,2024-06-09
TS1185,GIG,BHX,TS,2024-06-09
W63054,SDQ,ATH,W6,2024-08-22
EW7266,YYZ,GUA,EW,2024-09-29
CA7341,HND,EDI,CA,2024-09-10
CZ5836,NCE,LYS,CZ,2024-05-24
UA1926,DFW,SGN,UA,2024-08-01
NZ629,SYD,SGN,NZ,2024-03-28
QH7499,MAD,BOD,QH,2024-09-17
CX2279,BHX,BKK,CX,2024-04-26
OZ8927,DUB,MBJ,OZ,2024-04-22
AD4050,LEJ,MNL,AD,2024-09-13
SA8755,OSL,ICN,SA,2024-07-01
F93967,VIE,LIM,F9,2024-07-22
LX5811,GVA,HAV,LX,2024-01-29
AM4055,MNL,BFS,AM,2024-05-15
CX6598,NCL,HAV,CX,2024-09-13
6E9420,CAI,ZRH,6E,2024-05-25
J21467,CHC,DUB,J2,2024-03-22
FJ5341,BRU,LIM,FJ,2024-02-15
SG7550,ORD,DFW,SG,2024-08-23
QH5192,VIE,DFW,QH,2024-01-22
FJ6910,BOM,WLG,FJ,2024-06-22
U23717,BER,HAJ,U2,2024-07-16
CA8269,LPL,PRG,CA,2024-08-08
HU2491,HKG,BRS,HU,2024-09-09
HY4814,MXP,LAX,HY,2024-09-01
U23364,NTE,SCL,U2,2024-03-23
W66172,NCL,NTE,W6,2024-08-25
UA5407,NAS,WAW,UA,2024-06-26
FR3638,DUS,LEJ,FR,2024-08-28
G37706,MBJ,FRA,G3,2024-07-20
H22966,ATH,KEF,H2,2024-06-10
VA6169,GIG,YYZ,VA,2024-01-07
KL5746,TLS,KEF,KL,2024-07-05
MU1725,ICN,POS,MU,2024-02-23
JA2314,MAN,PRG,JA,2024-07-13
PX555,SIN,DOH,PX,2024-05-20
TG9442,BOM,HEL,TG,2024-09-10
OZ2925,LIM,ATL,OZ,2024-05-12
OZ2618,CPH,ORD,OZ,2024-05-17
LA4669,HAM,CWL,LA,2024-01-27
LO5229,LEJ,AKL,LO,2024-07-25
TR2206,MUC,TLS,TR,2024-08-14
AT5068,GRU,FRA,AT,2024-07-17
FR4930,LBA,HAJ,FR,2024-08-11
PX6265,NCL,BOD,PX,2024-07-19
SQ4128,EDI,NCE,SQ,2024-05-22
VA5313,PUJ,HAJ,VA,2024-01-16
LO3309,MRS,BOM,LO,2024-01-08
LO3770,MRS,CDG,LO,2024-07-09
W61649,WLG,MAD,W6,2024-07-06
AV3358,JNB,DFW,AV,2024-06-20
QH6125,AMS,ORD,QH,2024-08-30
IB4397,HAJ,BRS,IB,2024-02-20
MS6838,LPL,WLG,MS,2024-06-19
AR8551,KEF,AKL,AR,2024-06-05
UL5091,IST,FCO,UL,2024-04-02
JU8527,GVA,LEJ,JU,2024-08-06
TG6030,PRG,BOD,TG,2024-04-20
AA6774,CDG,ATH,AA,2024-05-08
AD5804,BSB,SGN,AD,2024-06-03
AY4246,ORD,HEL,AY,2024-05-26
MS5361,LIM,MXP,MS,2024-07-03
U29091,BHX,VIE,U2,2024-05-19
UA806,MEX,EZE,UA,2024-06-21
VB2282,MAN,ZRH,VB,2024-08-13
ET1868,BHX,DOH,ET,2024-02-26
PX3370,GIG,MBJ,PX,2024-09-13
KM4222,BCN,BOD,KM,2024-08-27
EY1268,NAS,BER,EY,2024-07-19
HX1936,BUD,GVA,HX,2024-08-12
TG5449,POS,NTE,TG,2024-03-16
GA3123,FRA,BSB,GA,2024-06-28
QF8872,LIM,BFS,QF,2024-02-03
RO3977,CWL,BOD,RO,2024-01-05
SG8897,GIG,ZRH,SG,2024-06-26
WY9769,GRU,MEX,WY,2024-07-25
PR5431,LIM,ZRH,PR,2024-08-11
JA126,MNL,MAN,JA,2024-09-27
VB7244,MUC,MXP,VB,2024-03-04
UA2378,OSL,CWL,UA,2024-08-19
DT6141,CAI,KIN,DT,2024-09-30
WB1468,EZE,BKK,WB,2024-03-14
VY6401,GUA,NUE,VY,2024-03-05
AF4961,CHC,DXB,AF,2024-04-09
FJ3110,AMS,EZE,FJ,2024-01-01
ME6459,PUJ,HAN,ME,2024-06-20
UA1581,KEF,HAV,UA,2024-03-15
SQ6384,ATL,HAV,SQ,2024-08-11
KU8262,LBA,DUB,KU,2024-08-09
ET2260,GLA,SGN,ET,2024-01-14
EK2336,BKK,YYZ,EK,2024-09-02
BA1499,CHC,MXP,BA,2024-06-15
CA1733,MBJ,CHC,CA,2024-03-02
A38893,HAM,LHR,A3,2024-06-02
AF6428,ATH,LBA,AF,2024-06-23
WS714,BOG,NBO,WS,2024-07-03
RO2022,BSB,BOD,RO,2024-05-04
FZ1006,HEL,FCO,FZ,2024-07-17
SV525,AMS,BOG,SV,2024-06-28
BA5349,CPH,LBA,BA,2024-04-04
KU2119,BRU,GUA,KU,2024-04-12
AY6241,FRA,OSL,AY,2024-08-14
H22599,LPL,DXB,H2,2024-06-12
AH8237,LYS,CGN,AH,2024-05-29
AC6371,VIE,CWL,AC,2024-05-27
JA7691,YYZ,HEL,JA,2024-02-21
U24961,HKG,NBO,U2,2024-08-20
KE5294,PTY,HKG,KE,2024-01-26
G3372,KEF,KIN,G3,2024-01-22
KM3162,MBJ,SDQ,KM,2024-02-25
WN5935,NTE,HAJ,WN,2024-01-01
VY534,ORD,BER,VY,2024-05-06
OB7854,DEL,SJO,OB,2024-02-03
HY3146,KIN,HAM,HY,2024-06-09
UL1401,CGK,ZRH,UL,2024-03-10
TG2787,BRS,STR,TG,2024-07-10
UK9302,HAV,BSB,UK,2024-05-29
TU1569,DEL,JNB,TU,2024-07-09
SV8499,GLA,CPH,SV,2024-08-18
ET6211,NUE,FCO,ET,2024-02-06
VN5801,EZE,CWL,VN,2024-05-25
WS583,CDG,NUE,WS,2024-05-01
PC9690,EDI,HAM,PC,2024-03-16
MU6665,SGN,WLG,MU,2024-05-27
AA2563,MXP,SJO,AA,2024-02-14
F96950,DEL,AMS,F9,2024-07-15
HU3479,KIN,BHX,HU,2024-08-22
WN8776,BUD,ICN,WN,2024-08-25
LX1765,LHR,EDI,LX,2024-07-09
VA6168,MNL,ARN,VA,2024-02-02
DL5343,DEL,DXB,DL,2024-07-18
SG2006,CPH,DUS,SG,2024-06-25
WS3086,CAI,ATH,WS,2024-06-13
JT8572,ARN,WAW,JT,2024-05-26
U26229,PRG,VIE,U2,2024-02-19
BA3950,PEK,JNB,BA,2024-02-26
JT936,JNB,MEX,JT,2024-04-18
BA1539,SYD,LIM,BA,2024-08-10
AA8894,LHR,ATL,AA,2024-09-22
WY6183,MRS,DFW,WY,2024-06-18
JU586,SAL,GIG,JU,2024-04-11
HU2562,ATL,STR,HU,2024-05-18
J28538,POS,ATL,J2,2024-04-04
NH4711,CPT,STR,NH,2024-09-24
ME1888,NTE,BOM,ME,2024-06-16
WN7550,YYZ,BSL,WN,2024-01-27
HY9111,AMS,IST,HY,2024-03-24
AM8020,WLG,BUD,AM,2024-01-10
AD1339,DEL,CDG,AD,2024-02-04
HX8685,DEN,CAI,HX,2024-06-02
HX1065,TLS,DXB,HX,2024-04-07
F98639,SIN,LIS,F9,2024-08-02
LO7245,VIE,HEL,LO,2024-02-03
AI5400,CGN,SCL,AI,2024-07-21
EI8018,MNL,BOG,EI,2024-01-04
FR1855,DUS,ICN,FR,2024-01-27
DL9856,GRU,DUS,DL,2024-04-26
TG792,BHX,BKK,TG,2024-08-17
DL3996,SJO,ATL,DL,2024-07-18
MK2839,DOH,YYZ,MK,2024-02-09
CZ1415,JNB,GUA,CZ,2024-01-30
SV2953,CGN,ORD,SV,2024-06-04
PC7276,DUS,MNL,PC,2024-04-12
U21943,DUB,GIG,U2,2024-09-14
AC7102,FRA,MBJ,AC,2024-07-15
KC2390,BCN,IST,KC,2024-02-07
KM3148,DFW,ATH,KM,2024-05-30
JL9736,MEL,LHR,JL,2024-06-03
JA8757,MUC,ATL,JA,2024-06-17
AY6369,BOM,CAI,AY,2024-05-03
FJ7180,MNL,MEL,FJ,2024-08-06
KC1964,NUE,BHX,KC,2024-08-31
BA4780,HKG,LIM,BA,2024-01-17
F93595,BOM,BHX,F9,2024-03-31
ET8369,BOG,NTE,ET,2024-06-26
CX8054,LEJ,GRU,CX,2024-02-24
VB6757,SCL,SDQ,VB,2024-06-19
FI6944,HEL,DOH,FI,2024-03-28
LH6518,CDG,WLG,LH,2024-06-08
TG6258,SYD,SJO,TG,2024-04-29
MH434,SGN,SJO,MH,2024-02-24
6E1671,VIE,LEJ,6E,2024-01-18
SA6025,IST,YYZ,SA,2024-04-09
DT302,PRG,MRS,DT,2024-05-22
KE9685,DFW,DEL,KE,2024-05-20
SG5331,HAN,HND,SG,2024-04-17
CA285,LPL,BUD,CA,2024-03-17
OZ4102,TLS,BRU,OZ,2024-04-22
W61231,MBJ,BHX,W6,2024-08-29
WS8407,CGK,GUA,WS,2024-06-18
KU7099,SGN,SCL,KU,2024-04-24
PX2447,BOD,LEJ,PX,2024-06-29
KQ2506,GVA,POS,KQ,2024-03-13
TU5504,CDG,NCL,TU,2024-04-10
MU6881,LIS,HAM,MU,2024-05-26
RJ7554,CPT,ATH,RJ,2024-04-30
CZ7709,ATH,HKG,CZ,2024-02-06
DT280,CHC,DEN,DT,2024-01-14
TP2154,AKL,DFW,TP,2024-02-20
KL2559,NAS,STR,KL,2024-07-11
B68080,BRU,HAN,B6,2024-03-08
FJ1456,HAJ,BSL,FJ,2024-06-25
TS9235,OSL,CGK,TS,2024-02-23
JU277,HAV,BOG,JU,2024-06-24
Y41597,CHC,EZE,Y4,2024-02-12
SA639,EDI,HND,SA,2024-07-04
AV9812,SDQ,GLA,AV,2024-02-11
W61188,BOG,GUA,W6,2024-09-06
OS6569,PTY,NCL,OS,2024-02-23
WS1278,NUE,MAN,WS,2024-07-11
JL3459,LYS,DUS,JL,2024-02-22
DL8072,MUC,BOM,DL,2024-01-05
AV7799,MAD,KIN,AV,2024-05-01
TS4359,ICN,KEF,TS,2024-02-26
CX4128,ATL,SYD,CX,2024-05-30
VN3617,KEF,CGK,VN,2024-09-03
VA9062,CHC,NCL,VA,2024-06-05
EW8871,CPH,BUD,EW,2024-02-10
RO5373,DEN,DXB,RO,2024-01-15
KC2104,LIS,ORD,KC,2024-08-27
FJ1712,DUB,NBO,FJ,2024-05-13
OS8314,ICN,SIN,OS,2024-06-26
Y45167,AKL,WLG,Y4,2024-08-11
FR9804,LAX,CGK,FR,2024-08-25
VN4596,NCE,PTY,VN,2024-08-27
SA5593,HND,ATH,SA,2024-07-09
JT2620,BOG,MBJ,JT,2024-03-24
NH6047,CAI,LHR,NH,2024-05-20
KC4563,LPL,BRS,KC,2024-06-07
WY3354,SYD,ICN,WY,2024-02-24
KQ8672,VIE,GUA,KQ,2024-09-11
A34519,FCO,BSL,A3,2024-07-18
MK4662,PUJ,MUC,MK,2024-03-09
H25756,DUS,CPH,H2,2024-06-14
KU9869,CGN,MNL,KU,2024-05-14
OS9092,DEN,SJO,OS,2024-01-25
LA8506,BHX,ATL,LA,2024-08-10
PC1382,LIM,GUA,PC,2024-05-25
EI9429,BRS,KEF,EI,2024-06-03
SA8027,MRS,SJO,SA,2024-01-29
ET9183,CHC,HKG,ET,2024-03-25
AD1125,DUS,BSL,AD,2024-04-14
KQ3603,EZE,AMS,KQ,2024-06-24
KU1126,PRG,DOH,KU,2024-03-26
ME6527,HKG,KEF,ME,2024-05-12
TS1771,SGN,NCL,TS,2024-07-15
OB4670,HAV,BER,OB,2024-05-05
PX7963,ICN,BOM,PX,2024-02-02
KC8010,FCO,MXP,KC,2024-08-12
AM4076,TLS,AKL,AM,2024-08-09
TG219,HEL,EZE,TG,2024-07-21
SQ878,MXP,SGN,SQ,2024-03-03
PX7516,BKK,SJO,PX,2024-05-11
AA9535,DUS,CHC,AA,2024-07-30
AV3852,BUD,HAN,AV,2024-08-05
VN5847,PEK,NBO,VN,2024-05-21
FI4247,WAW,ORD,FI,2024-08-05
OB4838,BHX,ICN,OB,2024-02-23
KL5619,CPH,ARN,KL,2024-02-02
UK5505,ORD,POS,UK,2024-07-17
SV1016,BSB,CHC,SV,2024-07-19
KU945,SGN,SCL,KU,2024-05-25
VA2790,BSL,BSB,VA,2024-07-08
AV3302,BER,SJO,AV,2024-08-31
DT2888,DUB,BER,DT,2024-09-25
NH9818,ATL,STR,NH,2024-08-17
VY5694,MAD,PRG,VY,2024-03-10
LO6698,LIS,MBJ,LO,2024-02-24
BA5377,NAS,KEF,BA,2024-01-12
DT344,BER,CAI,DT,2024-05-15
JU4139,LHR,DEN,JU,2024-01-29
WS260,FCO,TLS,WS,2024-08-26
TG1345,CGN,CWL,TG,2024-02-17
KM8365,PTY,TLS,KM,2024-06-06
VY9909,KEF,DEN,VY,2024-07-27
PC5704,HAM,MXP,PC,2024-05-08
LO4242,ICN,LYS,LO,2024-09-28
AT5780,AKL,BRU,AT,2024-04-03
ME8518,SGN,CAI,ME,2024-04-20
WY9689,NUE,LIM,WY,2024-03-07
HY729,CHC,MBJ,HY,2024-01-02
MK6217,MEL,NCE,MK,2024-09-06
FI8703,DOH,MEX,FI,2024-01-16
FJ357,FRA,LEJ,FJ,2024-03-07
BT1171,KIN,BFS,BT,2024-04-25
LX3406,LAX,NAS,LX,2024-05-10
B66437,JNB,BER,B6,2024-07-09
BT9169,LIM,CWL,BT,2024-05-05
JA5808,LPL,LEJ,JA,2024-09-11
NZ425,DOH,MEX,NZ,2024-01-07
OZ9195,DEL,HAM,OZ,2024-09-02
DT3500,ATH,AMS,DT,2024-07-13
AH5093,CGK,SDQ,AH,2024-05-09
KQ6967,JNB,CHC,KQ,2024-08-17
WY2198,HKG,STR,WY,2024-01-16
SG902,ATH,FCO,SG,2024-03-30
FI6036,BOM,BCN,FI,2024-07-13
TK8836,SYD,AMS,TK,2024-01-16
HU2357,MAN,IST,HU,2024-09-16
AV1960,MRS,NCL,AV,2024-09-19
CX4247,GUA,LHR,CX,2024-09-25
QF4569,KIN,FCO,QF,2024-06-01
WN9092,BKK,ICN,WN,2024-03-03
KC9068,ICN,NTE,KC,2024-06-15
AM4217,EDI,CAI,AM,2024-01-21
AI636,GVA,ICN,AI,2024-03-14
FR7908,GIG,BRS,FR,2024-07-24
PR3200,ZRH,PEK,PR,2024-01-29
NK8188,CGK,NCE,NK,2024-09-30
LH3651,CPH,TLS,LH,2024-09-24
MS6062,FRA,LYS,MS,2024-09-28
UL1513,BCN,BSL,UL,2024-05-25
OS3770,MBJ,DEL,OS,2024-01-30
FJ9362,SCL,YYZ,FJ,2024-07-07
UK1238,ORD,NUE,UK,2024-09-02
CA3349,DUB,CPH,CA,2024-03-20
AY1496,DEN,MEX,AY,2024-03-05
KM2782,KEF,DUS,KM,2024-06-22
MU2685,FRA,HND,MU,2024-06-11
AS2810,LEJ,HKG,AS,2024-02-02
GF6784,CPT,AKL,GF,2024-04-28
WN9814,WLG,ZRH,WN,2024-07-19
SK2886,MNL,BRS,SK,2024-01-16
SG3918,EDI,BCN,SG,2024-02-10
TG4971,MEL,CHC,TG,2024-05-22
VY1352,PEK,BHX,VY,2024-08-21
MU7674,BRS,NCE,MU,2024-06-07
CZ7122,LIS,PEK,CZ,2024-03-11
J23379,HKG,DUS,J2,2024-02-07
QF7811,YYZ,ATL,QF,2024-01-02
OZ4872,PUJ,OSL,OZ,2024-04-29
WN2013,ZRH,BSB,WN,2024-08-28
CA7134,MXP,MEX,CA,2024-06-16
KQ1419,STR,DEN,KQ,2024-09-10
MH7481,GRU,BUD,MH,2024-06-02
AT6601,LIS,ICN,AT,2024-06-28
AS7268,BKK,FCO,AS,2024-04-10
QH1227,BOD,HKG,QH,2024-04-22
AS6378,BRU,CGN,AS,2024-03-21
QF985,BFS,WAW,QF,2024-07-05
NH8867,HAJ,SGN,NH,2024-06-20
J28749,BSB,CGK,J2,2024-04-28
QF9797,DEN,MXP,QF,2024-03-29
J22312,BHX,CPT,J2,2024-02-04
UA1590,ATL,TLS,UA,2024-06-12
KQ2509,DXB,DEN,KQ,2024-07-04
UA4733,GLA,GIG,UA,2024-01-31
NH4156,FRA,MAD,NH,2024-07-26
NH8979,TLS,BOG,NH,2024-05-02
KC6642,BOM,BUD,KC,2024-09-22
VB1080,MEL,POS,VB,2024-01-09
AC991,DOH,AKL,AC,2024-09-19
F92420,PTY,KIN,F9,2024-07-01
VN1592,HAJ,POS,VN,2024-07-07
DT9513,AKL,MAN,DT,2024-09-01
JU7822,BER,LHR,JU,2024-06-02
SV6090,OSL,CPH,SV,2024-04-09
AI8741,MNL,CWL,AI,2024-04-26
AR2409,AMS,NBO,AR,2024-05-04
QR2203,DXB,CHC,QR,2024-07-20
J24334,LAX,HEL,J2,2024-09-29
Y42700,BRS,YYZ,Y4,2024-06-28
AI5213,KEF,ORD,AI,2024-02-26
AA8751,BRS,AMS,AA,2024-09-23
QR7358,BKK,ORD,QR,2024-05-03
6E7386,DUB,BFS,6E,2024-07-18
QF4266,BKK,CGN,QF,2024-02-09
W63881,BRS,MEX,W6,2024-06-18
RJ6897,DFW,EZE,RJ,2024-07-13
PR6644,CGN,DEN,PR,2024-02-26
AA6293,SCL,EZE,AA,2024-01-18
MK9287,BSB,DXB,MK,2024-06-09
CZ1449,PTY,NAS,CZ,2024-07-21
AV8719,SGN,AMS,AV,2024-09-23
JT5646,ICN,DUS,JT,2024-02-15
UK5393,NAS,SIN,UK,2024-05-25
AT7313,HAN,CHC,AT,2024-07-30
QF1334,ATH,HAJ,QF,2024-02-11
KL7955,DOH,CWL,KL,2024-08-09
VS2370,BSL,STR,VS,2024-05-31
AM378,WLG,SAL,AM,2024-05-20
SV5806,POS,BOD,SV,2024-09-25
ME1051,NUE,GUA,ME,2024-04-27
SK4251,HND,HAM,SK,2024-09-02
FJ7774,PTY,CGN,FJ,2024-01-11
KQ3068,SYD,CDG,KQ,2024-05-07
WN3435,MNL,BFS,WN,2024-04-30
WN6340,ARN,SAL,WN,2024-03-14
HX7274,LIS,KEF,HX,2024-08-09
KM818,PTY,DEN,KM,2024-07-27
KE7079,SJO,CPH,KE,2024-01-10
W65679,HAN,BCN,W6,2024-07-29
OS6630,HAN,ATH,OS,2024-08-06
TP9321,CDG,BCN,TP,2024-04-14
B69486,WAW,NCE,B6,2024-02-11
WB5736,SGN,HEL,WB,2024-05-22
AH5997,TLS,SIN,AH,2024-09-02
ET3136,SAL,HKG,ET,2024-02-25
UL7347,LEJ,EDI,UL,2024-02-13
WY5868,MAD,BOD,WY,2024-05-30
QR8042,MUC,BER,QR,2024-04-28
KM9685,CPT,MEL,KM,2024-06-30
QH3283,ATH,GIG,QH,2024-07-02
MH7826,NTE,CDG,MH,2024-01-29
MH3679,MRS,MXP,MH,2024-04-09
GA5518,BRU,GIG,GA,2024-09-06
MU5001,GVA,HAN,MU,2024-03-28
ME5763,CPT,LBA,ME,2024-02-16
KU7113,BER,HKG,KU,2024-03-11
TS6020,DXB,LBA,TS,2024-03-24
AD3670,BRS,GIG,AD,2024-04-16
OZ462,POS,PUJ,OZ,2024-09-27
HU6626,STR,BUD,HU,2024-08-08
MS670,MAD,MEX,MS,2024-04-15
FI5595,AMS,SGN,FI,2024-06-21
FI2160,LEJ,AKL,FI,2024-06-15
ET6743,MRS,LBA,ET,2024-08-14
MU6199,ZRH,CPT,MU,2024-02-22
MS1631,HEL,PEK,MS,2024-01-06
JA1272,BSL,NCE,JA,2024-04-28
AT2587,CGK,JNB,AT,2024-04-10
KQ1511,MEX,PEK,KQ,2024-09-11
JL8474,ZRH,KEF,JL,2024-05-11
IB983,YYZ,SIN,IB,2024-09-13
RO3856,OSL,BOD,RO,2024-08-07
TP4971,CDG,SGN,TP,2024-08-04
AH1644,MEX,STR,AH,2024-02-17
VA2916,MEL,ATL,VA,2024-05-17
G31894,BOG,SAL,G3,2024-05-14
H25901,CPT,GIG,H2,2024-04-07
WS4362,BHX,MNL,WS,2024-04-03
J24370,ARN,MEX,J2,2024-06-26
6E7783,CAI,DUS,6E,2024-03-15
GA4969,BOM,MXP,GA,2024-08-05
VY5904,BUD,DUS,VY,2024-04-21
SV9917,YYZ,LEJ,SV,2024-06-21
AD9746,CHC,CDG,AD,2024-07-30
LX671,CGK,EZE,LX,2024-02-05
HY3570,BHX,KEF,HY,2024-07-03
PC5868,DXB,MXP,PC,2024-08-05
A36972,MRS,CPH,A3,2024-03-21
ET5012,BOG,LHR,ET,2024-08-06
WS1432,SGN,CPH,WS,2024-03-17
HX9685,CGN,OSL,HX,2024-09-15
PX4781,LIM,ATL,PX,2024-01-10
TG4638,LBA,HKG,TG,2024-02-28
WY8177,WLG,LYS,WY,2024-05-04
KM7259,NCE,EDI,KM,2024-06-09
UA6284,POS,SYD,UA,2024-07-12
EK4074,PUJ,BOD,EK,2024-05-24
EY9504,HAJ,MAN,EY,2024-07-23
KU1841,BOG,CPH,KU,2024-02-21
LX6301,BSL,DUS,LX,2024-09-06
HY8803,BHX,PUJ,HY,2024-05-30
UA6464,HKG,MEX,UA,2024-03-05
FI5299,NTE,ORD,FI,2024-07-16
EY6709,AMS,LYS,EY,2024-03-24
KM8471,HAJ,CGN,KM,2024-09-16
VS8527,HAM,JNB,VS,2024-08-01
F98349,CHC,ZRH,F9,2024-01-11
EI6757,IST,EDI,EI,2024-09-11
SQ6615,BOD,CAI,SQ,2024-01-13
UK4843,BUD,MNL,UK,2024-01-07
FR634,SAL,WAW,FR,2024-06-13
TP4602,HAM,ATL,TP,2024-03-18
AD7036,ARN,BER,AD,2024-03-17
AY9329,MEX,HAJ,AY,2024-06-04
H26345,NUE,CGK,H2,2024-03-29
AT2323,ORD,PEK,AT,2024-09-14
MK2363,BOG,WLG,MK,2024-09-08
WN2950,MNL,PTY,WN,2024-04-26
DT8033,MAN,PTY,DT,2024-05-18
A38040,BKK,AKL,A3,2024-06-04
SK3950,FCO,WLG,SK,2024-07-28
RJ4235,LHR,HAN,RJ,2024-01-02
AF1095,GRU,DUB,AF,2024-08-04
AD8575,STR,TLS,AD,2024-08-17
AI1418,ATH,BRU,AI,2024-09-24
TS370,BRU,DEN,TS,2024-07-22
MK5694,CPH,FCO,MK,2024-09-13
TR924,PTY,BFS,TR,2024-07-26
U24686,HAM,WLG,U2,2024-01-24
QF3768,YYZ,MAN,QF,2024-08-06
ET1936,KEF,SDQ,ET,2024-06-26
AA3587,WAW,STR,AA,2024-09-22
NZ9106,FRA,BOM,NZ,2024-08-12
KU7568,AMS,CDG,KU,2024-06-24
SG1249,GLA,AMS,SG,2024-05-28
CZ4260,DUS,BHX,CZ,2024-04-30
KC3235,AKL,ATL,KC,2024-01-15
FZ8800,EZE,WLG,FZ,2024-01-18
AV9568,SYD,EDI,AV,2024-06-20
MU2238,GRU,DUB,MU,2024-09-16
AV923,LEJ,LYS,AV,2024-01-28
LA6525,BFS,DUB,LA,2024-04-20
GF1303,MXP,CGK,GF,2024-07-08
SA8992,HAJ,BSL,SA,2024-04-27
AV8891,CGK,CDG,AV,2024-06-03
VA7664,GVA,PRG,VA,2024-08-14
EY318,PRG,SGN,EY,2024-06-10
LA9970,NTE,SIN,LA,2024-02-26
JL5356,MAD,MNL,JL,2024-09-04
JL9077,WLG,PRG,JL,2024-02-24
F98591,MBJ,DUB,F9,2024-01-14
JA5227,GRU,NBO,JA,2024-02-25
WN1573,DEL,CHC,WN,2024-08-15
KL8987,BOG,DEN,KL,2024-07-27
QH3621,ORD,PRG,QH,2024-04-05
J26843,GRU,LPL,J2,2024-06-25
TS7798,WAW,LPL,TS,2024-08-28
HX1042,BHX,ATH,HX,2024-05-18
AY552,WLG,LAX,AY,2024-07-05
TG1590,FRA,HKG,TG,2024-09-06
LX2160,ZRH,SGN,LX,2024-02-16
NH1953,BSB,EDI,NH,2024-01-24
MS672,BOD,DXB,MS,2024-08-11
QH2297,LIM,NUE,QH,2024-09-03
VB4605,BOM,NUE,VB,2024-02-07
JL3678,BRU,LYS,JL,2024-08-16
VN9222,SJO,SYD,VN,2024-03-01
PX4562,MAN,PEK,PX,2024-07-10
WB2518,LPL,HAV,WB,2024-07-09
NZ5724,DEN,ZRH,NZ,2024-05-09
CZ6011,NCE,MAD,CZ,2024-02-21
AM2748,JNB,HND,AM,2024-03-27
VS1830,NTE,LBA,VS,2024-09-30
AH3745,DEN,MAD,AH,2024-03-26
AY7864,DXB,EZE,AY,2024-01-04
ME8102,MEX,SIN,ME,2024-03-11
Y44469,HAM,BFS,Y4,2024-05-11
QR6322,WLG,HND,QR,2024-06-20
VS3073,BRU,PTY,VS,2024-08-10
KE3213,BKK,LAX,KE,2024-09-15
WS9585,HEL,SGN,WS,2024-04-22
FZ1783,AKL,WAW,FZ,2024-05-30
RO6522,DUS,BHX,RO,2024-04-08
VS6874,DOH,MUC,VS,2024-03-17
Y48485,HND,SGN,Y4,2024-05-18
KU1666,MUC,GRU,KU,2024-08-06
OZ9349,HAJ,BSL,OZ,2024-02-28
EI9978,HAV,LPL,EI,2024-07-19
AI4076,CGK,HKG,AI,2024-04-16
VA4363,BHX,HAJ,VA,2024-01-04
A31049,BKK,LHR,A3,2024-02-24
EK3419,BKK,GLA,EK,2024-05-27
EI3877,BER,LYS,EI,2024-05-28
FR9482,TLS,LBA,FR,2024-08-30
KL9070,LPL,DOH,KL,2024-02-25
GF923,SGN,SAL,GF,2024-02-09
BA5809,BRS,BSB,BA,2024-05-04
ET2728,SAL,HND,ET,2024-07-10
EW5658,BOG,EZE,EW,2024-09-18
QR9879,ARN,WLG,QR,2024-09-21
JU7947,GRU,MEX,JU,2024-03-07
JT9042,MRS,NUE,JT,2024-06-18
WS3260,CHC,IST,WS,2024-05-29
WB6655,HND,HAJ,WB,2024-03-18
W66401,ICN,SCL,W6,2024-01-08
IB8190,MBJ,IST,IB,2024-01-26
VA6177,GIG,AKL,VA,2024-06-05
AT4442,BUD,PUJ,AT,2024-04-21
DT8248,DEL,OSL,DT,2024-05-30
MS3568,JNB,HAJ,MS,2024-08-19
AM8112,GVA,NUE,AM,2024-08-13
AR4624,HAV,EZE,AR,2024-08-21
PX1345,HND,ARN,PX,2024-06-26
AC1952,PUJ,HAM,AC,2024-06-10
TU4300,GRU,IST,TU,2024-07-05
UA389,CGN,AKL,UA,2024-05-10
HY313,BHX,NAS,HY,2024-05-06
AY9682,CDG,ARN,AY,2024-07-07
RO2125,CGN,YYZ,RO,2024-04-24
F97404,GRU,CDG,F9,2024-01-08
F95827,AKL,WAW,F9,2024-05-16
SQ6748,CGK,MAN,SQ,2024-01-20
FR5005,HKG,IST,FR,2024-07-27
EK142,NTE,DOH,EK,2024-02-22
HU5676,CWL,HAN,HU,2024-02-19
CA4858,DEL,NCL,CA,2024-05-03
AH6800,NTE,BER,AH,2024-05-14
DL8156,LYS,LIS,DL,2024-04-06
NK9662,DUS,LPL,NK,2024-06-30
PR1231,BKK,MBJ,PR,2024-07-23
KU6888,PEK,CGK,KU,2024-07-07
B61460,MRS,CDG,B6,2024-06-19
TP8046,WAW,LBA,TP,2024-04-11
AI6065,BSB,MRS,AI,2024-09-19
AS5356,YYZ,MRS,AS,2024-08-26
WB3302,IST,NAS,WB,2024-06-21
OB122,CDG,SCL,OB,2024-07-10
AC8300,GUA,ICN,AC,2024-06-10
FI8289,MXP,HAV,FI,2024-04-18
JT2763,LIS,NCE,JT,2024-04-15
WN4042,MXP,ICN,WN,2024-06-06
NH1858,DEL,DOH,NH,2024-07-07
OS434,NTE,ARN,OS,2024-04-22
J28447,BFS,LIS,J2,2024-06-07
QH6770,HEL,GIG,QH,2024-06-04
AH1715,JNB,LYS,AH,2024-03-30
AH4830,EDI,LYS,AH,2024-09-22
AY5315,DEL,CWL,AY,2024-09-04
TP3923,ATH,NUE,TP,2024-06-25
Y42710,FRA,MNL,Y4,2024-07-13
UK1898,YYZ,BRS,UK,2024-05-11
CA2821,ATL,IST,CA,2024-04-11
AF1955,GLA,KIN,AF,2024-05-09
LH6624,SJO,CGN,LH,2024-04-11
AM2319,BHX,FCO,AM,2024-09-06
ET3033,WAW,HAN,ET,2024-03-11
JU2475,SAL,BOG,JU,2024-06-29
VY9039,GLA,MXP,VY,2024-07-22
JA5889,VIE,PEK,JA,2024-01-03
WY5575,EZE,BHX,WY,2024-07-18
SA9644,KEF,CAI,SA,2024-08-27
B67172,DXB,NCL,B6,2024-07-16
KQ1968,CGK,HAN,KQ,2024-04-25
VY1601,NAS,MBJ,VY,2024-07-21
WY4209,WAW,EZE,WY,2024-08-08
JL1618,OSL,BHX,JL,2024-09-09
GA1734,ATH,LIS,GA,2024-01-12
AS9028,LAX,VIE,AS,2024-07-08
BA7010,HND,LBA,BA,2024-04-20
SQ2642,MEL,SYD,SQ,2024-07-21
WS6161,VIE,LIS,WS,2024-04-30
FJ928,BCN,KEF,FJ,2024-03-29
HU1110,OSL,BSB,HU,2024-03-11
KE2997,WAW,FRA,KE,2024-07-13
AC7144,SAL,HEL,AC,2024-01-14
JL8615,ARN,MRS,JL,2024-07-29
J21535,HKG,SJO,J2,2024-04-04
MK5450,MRS,DXB,MK,2024-01-30
IB3344,NAS,MAD,IB,2024-04-29
AF8292,HAJ,DEN,AF,2024-02-10
LH1589,NCE,SCL,LH,2024-05-01
TP5912,BER,HAM,TP,2024-06-10
AT4401,HAV,MEL,AT,2024-08-29
B61468,ATL,PUJ,B6,2024-01-03
MH2959,BSL,TLS,MH,2024-05-12
NK232,AMS,DOH,NK,2024-09-05
NK8856,CGK,WAW,NK,2024-04-28
AM6062,CGK,CHC,AM,2024-01-13
KC2445,PUJ,LEJ,KC,2024-09-02
WN6492,MUC,BUD,WN,2024-06-15
EY5526,GLA,CPT,EY,2024-06-08
TK571,DOH,MUC,TK,2024-08-28
ET4808,ORD,NBO,ET,2024-04-25
TR8624,MBJ,GUA,TR,2024-04-28
SQ4959,BSL,ARN,SQ,2024-04-30
CZ8302,DFW,ORD,CZ,2024-07-23
KC2180,JNB,NCL,KC,2024-04-17
UL9983,GLA,BER,UL,2024-04-27
LH539,JNB,HKG,LH,2024-07-28
FJ877,OSL,STR,FJ,2024-08-02
ME2592,CDG,ATL,ME,2024-05-20
KL2562,SGN,KIN,KL,2024-01-01
AI6397,NCE,LAX,AI,2024-09-30
Y41797,MEX,AMS,Y4,2024-03-15
Y4811,DXB,POS,Y4,2024-05-29
EK1896,BHX,NUE,EK,2024-04-09
PC4554,DXB,HAJ,PC,2024-08-25
BA5398,SJO,GVA,BA,2024-07-30
RJ5958,KIN,GLA,RJ,2024-03-02
AT7144,DUS,FCO,AT,2024-09-14
ET2592,CGN,OSL,ET,2024-05-06
BA6906,KIN,NCL,BA,2024-07-16
VY8817,GRU,SYD,VY,2024-09-06
QH1346,NCL,MBJ,QH,2024-03-14
W63762,SIN,NCE,W6,2024-08-01
EW3779,BOM,GIG,EW,2024-05-06
AY7651,BKK,CAI,AY,2024-08-16
AR1260,SGN,CAI,AR,2024-02-24
AA7090,HKG,CPT,AA,2024-04-04
HY3921,KIN,MRS,HY,2024-01-21
QH3542,GRU,ICN,QH,2024-09-02
UK5497,JNB,ATH,UK,2024-03-29
AI298,HAJ,ARN,AI,2024-07-26
TG7367,EZE,CPH,TG,2024-05-21
SV5170,CGN,AMS,SV,2024-02-24
OZ7344,GRU,LHR,OZ,2024-06-02
IB3922,BRU,HND,IB,2024-06-16
MS6791,HKG,CWL,MS,2024-07-24
CA5215,MEX,LIS,CA,2024-09-07
AT2109,MUC,MAD,AT,2024-02-23
VB7759,BRS,HKG,VB,2024-06-24
AD6241,MBJ,CAI,AD,2024-04-27
VN1339,DEN,BRU,VN,2024-09-13
U23015,BFS,LPL,U2,2024-07-12
AS372,LIS,ZRH,AS,2024-06-07
AD7906,NBO,JNB,AD,2024-02-16
QR7522,AMS,BSB,QR,2024-07-24
HU3522,SAL,BSL,HU,2024-04-18
VN9904,HND,PRG,VN,2024-02-26
JT2840,BSB,MUC,JT,2024-05-03
MU105,ICN,SCL,MU,2024-08-21
CX7672,BCN,CWL,CX,2024-06-16
JT5583,MNL,MRS,JT,2024-03-04
VA4480,WLG,MUC,VA,2024-02-01
B64090,BOG,MAD,B6,2024-08-28
BA3506,CGK,BHX,BA,2024-02-27
TS102,SAL,MAD,TS,2024-03-04
PR502,ORD,HEL,PR,2024-02-11
MH7602,BRU,AKL,MH,2024-04-02
MH2511,GRU,EZE,MH,2024-08-28
ME5038,CPT,CGK,ME,2024-08-20
TU6213,NAS,NCE,TU,2024-06-22
LO4628,BER,BRU,LO,2024-07-24
WB5180,PUJ,EDI,WB,2024-02-26
FI9807,MAD,MRS,FI,2024-04-13
VB2111,GRU,STR,VB,2024-09-22
EI3497,ARN,BKK,EI,2024-08-31
UA440,KEF,DOH,UA,2024-09-17
MU4266,LIM,BHX,MU,2024-05-03
J22589,SCL,HAJ,J2,2024-06-02
F99626,SCL,NCL,F9,2024-05-22
KE4799,LAX,MAN,KE,2024-08-27
JA1423,GVA,WLG,JA,2024-09-17
ET9589,WLG,EDI,ET,2024-07-05
ET5019,NAS,GRU,ET,2024-07-08
HX6039,NBO,DUS,HX,2024-06-11
EY2563,STR,GIG,EY,2024-04-17
B65579,VIE,NTE,B6,2024-01-24
MS7622,BRS,FRA,MS,2024-04-02
H24930,GLA,PTY,H2,2024-04-09
OB329,FRA,LHR,OB,2024-05-26
EI4378,IST,WAW,EI,2024-09-28
KL3044,CHC,SAL,KL,2024-03-23
TP6062,BSL,EDI,TP,2024-05-09
FZ6395,OSL,DUS,FZ,2024-09-18
HY6498,BOG,LBA,HY,2024-03-31
CZ4642,DEN,GLA,CZ,2024-05-09
MS1760,ZRH,KEF,MS,2024-09-24
QH3295,WAW,VIE,QH,2024-09-10
FZ6488,MXP,CPT,FZ,2024-07-14
MH9992,CGK,DUS,MH,2024-04-01
FR9324,GIG,FCO,FR,2024-01-10
TU6831,HAN,BOM,TU,2024-07-28
LA2389,GVA,SIN,LA,2024-07-31
BA6401,HAV,DFW,BA,2024-05-02
MU6445,NUE,BER,MU,2024-08-04
VS6515,NCE,FCO,VS,2024-02-23
EY3589,ATL,NBO,EY,2024-08-20
WS921,BOD,MUC,WS,2024-05-14
KU978,HEL,CGK,KU,2024-04-13
EK4195,TLS,BFS,EK,2024-04-23
VN9284,NTE,SYD,VN,2024-02-06
VA355,MAD,HAV,VA,2024-05-14
TP4788,DOH,ORD,TP,2024-08-04
BA2668,NCL,DUS,BA,2024-08-10
GA9537,HKG,HAM,GA,2024-01-15
6E7042,SDQ,LAX,6E,2024-04-29
RJ4310,BOG,HKG,RJ,2024-06-13
AI5137,BSL,HAJ,AI,2024-02-23
AY1886,CAI,MXP,AY,2024-01-31
AI5511,PRG,BER,AI,2024-04-06
WB2380,CPT,LIM,WB,2024-06-22
MK938,MEL,LAX,MK,2024-09-15
DL7310,SDQ,SGN,DL,2024-03-10
ET538,CPH,MBJ,ET,2024-03-13
AR6687,BUD,JNB,AR,2024-05-22
QF9216,WAW,EZE,QF,2024-06-21
NH4510,YYZ,PUJ,NH,2024-03-26
SQ1957,CPT,IST,SQ,2024-03-18
EK584,HAN,MAN,EK,2024-03-28
QR5967,LAX,SGN,QR,2024-04-14
VS3581,BSL,ICN,VS,2024-03-18
H27209,SDQ,SJO,H2,2024-09-14
AM2371,HEL,BFS,AM,2024-09-16
JU3747,OSL,NTE,JU,2024-01-27
VN412,NAS,CAI,VN,2024-09-04
HU5191,CPT,BUD,HU,2024-04-26
U22280,WLG,MEX,U2,2024-08-11
RJ8912,IST,OSL,RJ,2024-07-20
TG7626,BSB,ATH,TG,2024-03-06
SV1883,SGN,BOG,SV,2024-04-27
U23286,HEL,MRS,U2,2024-04-01
AD1678,WAW,ATL,AD,2024-05-17
JA4926,WAW,GLA,JA,2024-05-24
HX7786,GVA,CAI,HX,2024-04-18
CX6325,NAS,WAW,CX,2024-07-23
CZ2825,BHX,SGN,CZ,2024-05-23
UA1682,PRG,MEX,UA,2024-01-17
BA3832,DEL,LPL,BA,2024-08-03
SK2570,DUS,ZRH,SK,2024-08-30
6E9506,SJO,FRA,6E,2024-06-03
WS806,HAJ,HAN,WS,2024-09-01
VB6149,POS,HKG,VB,2024-01-30
AF6597,FCO,ATH,AF,2024-02-18
VS2729,LIS,MNL,VS,2024-06-20
IB5340,MEL,HAV,IB,2024-06-03
MS5821,NAS,BSL,MS,2024-08-13
HU2993,NCL,LIS,HU,2024-04-23
OZ6287,CPH,LYS,OZ,2024-06-08
NH5814,PUJ,SIN,NH,2024-04-06
AY6605,NTE,BSL,AY,2024-04-08
MH3647,SAL,KEF,MH,2024-02-28
HY452,BER,FCO,HY,2024-08-31
F96281,AKL,MAN,F9,2024-06-15
EY9022,MRS,NCL,EY,2024-02-18
AT1798,LIM,GUA,AT,2024-04-19
RJ4644,KEF,ZRH,RJ,2024-04-01
EY4520,NTE,LAX,EY,2024-08-10
OB6521,LIS,CAI,OB,2024-09-11
Y44279,MUC,CPH,Y4,2024-09-27
JA6139,IST,HAV,JA,2024-06-22
HY4634,GLA,LAX,HY,2024-05-13
SQ6550,LAX,SGN,SQ,2024-07-30
AH6047,DUS,ATL,AH,2024-06-25
AM3990,ATH,CGK,AM,2024-04-19
Y43357,EZE,MAN,Y4,2024-03-29
CX6604,BRU,VIE,CX,2024-05-12
PC490,MRS,WLG,PC,2024-07-10
AT2496,HAN,MEX,AT,2024-05-14
AA2344,BRU,BHX,AA,2024-05-19
JL5465,NCL,BRU,JL,2024-05-04
FR4656,MEL,DFW,FR,2024-08-27
HU5593,MXP,ATH,HU,2024-09-19
JL5021,BER,SCL,JL,2024-02-17
KC880,STR,PRG,KC,2024-03-06
VN8517,BOG,FRA,VN,2024-07-18
EW6828,ZRH,JNB,EW,2024-09-29
SG8106,LIM,BER,SG,2024-08-02
IB8022,AKL,BCN,IB,2024-05-18
PC8974,CGK,PUJ,PC,2024-02-11
SK811,NUE,NBO,SK,2024-04-18
TU8435,OSL,BHX,TU,2024-06-29
KE8852,CHC,CGN,KE,2024-04-14
AS8796,VIE,CHC,AS,2024-07-29
EW6875,BOG,SCL,EW,2024-08-27
AR3043,HAV,TLS,AR,2024-03-22
LA4353,IST,WLG,LA,2024-04-23
F9197,LEJ,LYS,F9,2024-02-25
G31879,PRG,CPH,G3,2024-01-11
QF8897,SYD,BRU,QF,2024-06-04
MU6562,DUS,PUJ,MU,2024-06-25
AA3436,AKL,MRS,AA,2024-02-02
UL2133,GRU,MUC,UL,2024-01-31
TG4095,HKG,KIN,TG,2024-05-28
SQ3644,CPT,BOG,SQ,2024-03-04
FZ2722,WLG,CHC,FZ,2024-07-16
SG9967,DUS,CWL,SG,2024-02-18
AD4871,DEN,BSL,AD,2024-03-05
UL8840,MEX,FRA,UL,2024-01-22
W61779,NUE,ZRH,W6,2024-01-31
NH2007,ORD,MAN,NH,2024-02-23
WB7889,BRS,FRA,WB,2024-09-20
MH9963,MAN,CAI,MH,2024-09-07
FI6874,BKK,PUJ,FI,2024-02-06
JT2304,NUE,ARN,JT,2024-01-10
HU9649,LHR,HAN,HU,2024-09-26
NK9504,NUE,SYD,NK,2024-05-26
6E2968,GLA,GIG,6E,2024-03-14
QR9963,DFW,TLS,QR,2024-04-25
KU9530,PUJ,SJO,KU,2024-04-07
QF3265,ZRH,POS,QF,2024-03-10
PC8527,NCL,PUJ,PC,2024-08-27
MK3097,PUJ,LBA,MK,2024-09-11
NK8385,CGN,OSL,NK,2024-02-06
NH6945,SAL,LIM,NH,2024-03-14
ME4561,WAW,CPH,ME,2024-06-20
IB5325,HAV,NCE,IB,2024-09-10
MH6789,LBA,PEK,MH,2024-05-08
W65068,BSL,BCN,W6,2024-08-20
OS6780,OSL,KEF,OS,2024-01-19
TP507,HKG,GIG,TP,2024-04-03
H28659,ATL,DUS,H2,2024-08-31
ET201,SAL,SYD,ET,2024-04-25
UK7924,BOD,HAJ,UK,2024-04-18
AS1723,NAS,BSL,AS,2024-07-24
G36928,LEJ,NCL,G3,2024-01-27
AD813,SGN,SCL,AD,2024-08-24
B6324,ORD,NBO,B6,2024-02-19
MH9946,EZE,DXB,MH,2024-02-22
VS2396,BHX,WAW,VS,2024-05-08
KC8008,DFW,KIN,KC,2024-01-01
PX3417,LYS,ATH,PX,2024-04-09
PR1116,ATL,CPT,PR,2024-08-09
WS9279,BCN,SDQ,WS,2024-01-28
PX5674,SDQ,CPT,PX,2024-04-17
HY3611,DXB,MAN,HY,2024-03-15
MH233,ICN,GIG,MH,2024-05-11
FZ8940,CGK,OSL,FZ,2024-03-15
FZ4634,AMS,ARN,FZ,2024-03-02
AA1055,ORD,LPL,AA,2024-02-27
H2850,SAL,CAI,H2,2024-09-05
FI8636,DFW,HKG,FI,2024-08-30
RO237,DXB,HAJ,RO,2024-06-30
RJ175,PEK,JNB,RJ,2024-06-05
U28604,JNB,HAJ,U2,2024-01-19
AV8210,HND,SDQ,AV,2024-02-26
QH544,KEF,PTY,QH,2024-02-16
BA5822,WLG,HAV,BA,2024-06-24
HU4237,OSL,BKK,HU,2024-03-23
AD3484,EZE,ORD,AD,2024-02-22
W62215,GLA,LBA,W6,2024-01-05
KU423,MUC,LIM,KU,2024-06-04
VS3769,CHC,VIE,VS,2024-05-29
WS1714,ICN,CPT,WS,2024-08-11
NZ7879,CWL,DOH,NZ,2024-07-02
LX327,SYD,SDQ,LX,2024-06-07
AD3623,JNB,VIE,AD,2024-03-31
UA367,DEN,IST,UA,2024-04-29
VY2896,DEL,NCE,VY,2024-04-11
EK7656,KEF,AMS,EK,2024-07-15
AR5130,BKK,DEL,AR,2024-07-30
MU9048,LHR,BSL,MU,2024-08-01
Y47307,SCL,ICN,Y4,2024-06-19
F93483,BOG,CWL,F9,2024-03-15
SA1117,SAL,SGN,SA,2024-08-26
TK1025,ICN,STR,TK,2024-09-07
TK1792,ATH,HAN,TK,2024-06-02
AV7955,BOM,KIN,AV,2024-02-03
EI1223,POS,SJO,EI,2024-08-22
AA9685,HND,BUD,AA,2024-05-13
SK2406,MBJ,POS,SK,2024-04-04
VA7067,HKG,GVA,VA,2024-08-23
MU7559,SIN,CHC,MU,2024-04-03
EK6832,BHX,AMS,EK,2024-03-18
SG1140,LYS,SGN,SG,2024-03-08
KC8877,MEX,EDI,KC,2024-04-15
SK7743,PEK,BOG,SK,2024-07-29
JU4307,BKK,KEF,JU,2024-04-07
PX156,BUD,NCL,PX,2024-01-13
KU1457,HAM,YYZ,KU,2024-02-23
FJ8756,LPL,GVA,FJ,2024-03-24
DL6420,NAS,IST,DL,2024-02-28
LO1536,AMS,BOD,LO,2024-06-20
LH7450,LIS,ORD,LH,2024-06-13
RO7937,BOD,LYS,RO,2024-04-05
WN7823,GIG,HAJ,WN,2024-07-29
AY3540,GIG,FRA,AY,2024-03-22
SG9868,BSB,BUD,SG,2024-05-09
LX6405,BSL,POS,LX,2024-08-16
SA1738,KEF,BOG,SA,2024-04-04
VA6728,MRS,OSL,VA,2024-06-10
A33755,SGN,LPL,A3,2024-05-24
PR7050,SAL,CAI,PR,2024-03-11
DT7339,TLS,DXB,DT,2024-07-20
H23809,BFS,EDI,H2,2024-05-08
FZ4708,AKL,LEJ,FZ,2024-09-10
JT4911,IST,SCL,JT,2024-04-01
AH7062,VIE,BOD,AH,2024-06-05
VN3464,SDQ,FRA,VN,2024-07-31
OS8483,LYS,CPT,OS,2024-01-21
AT4761,LIS,PTY,AT,2024-06-25
PX151,SJO,WLG,PX,2024-09-13
WS8402,CHC,MXP,WS,2024-01-31
BT6368,DUS,LAX,BT,2024-01-29
HY2285,ICN,CGN,HY,2024-03-17
KL4604,LBA,LPL,KL,2024-06-20
HX1333,LIM,NUE,HX,2024-05-18
TP8132,CHC,BER,TP,2024-07-24
G37034,HND,NUE,G3,2024-06-03
AS4082,PTY,KIN,AS,2024-05-17
J21096,BER,DUB,J2,2024-05-28
RO7536,LBA,BSB,RO,2024-03-10
EW3259,BOM,NTE,EW,2024-03-15
AA1589,NTE,LPL,AA,2024-05-26
VN6836,HAJ,PEK,VN,2024-08-12
WN2881,HAV,POS,WN,2024-05-17
AT595,MEL,DEN,AT,2024-06-08
W67484,CAI,SCL,W6,2024-01-19
WS7200,KIN,WLG,WS,2024-08-28
EK5731,DUB,BSB,EK,2024-03-15
TG3299,BKK,MBJ,TG,2024-08-20
SK3573,WAW,SYD,SK,2024-07-04
LH9971,KEF,MAN,LH,2024-07-15
AM2519,LHR,SJO,AM,2024-03-17
VN947,SJO,BSB,VN,2024-08-03
RJ2539,DUB,BER,RJ,2024-08-23
LX603,LPL,ZRH,LX,2024-04-17
OS5531,ATL,BUD,OS,2024-07-06
MH2940,BUD,EZE,MH,2024-07-27
ME7637,AKL,SDQ,ME,2024-02-14
HY1524,AKL,HAV,HY,2024-04-06
LX4149,SGN,NCL,LX,2024-03-25
PR5586,GRU,HAN,PR,2024-01-13
VA2699,LAX,IST,VA,2024-06-07
LX5428,HND,HEL,LX,2024-08-19
H21358,MEL,GLA,H2,2024-01-08
F91519,BRU,CDG,F9,2024-05-15
VN3832,DUB,CHC,VN,2024-01-29
TK8567,SGN,BOM,TK,2024-06-06
KE8492,EZE,DFW,KE,2024-01-28
AD8255,MAN,CHC,AD,2024-01-07
JA6951,NAS,BSB,JA,2024-06-08
TP7854,BKK,GIG,TP,2024-02-18
W67711,NCE,KEF,W6,2024-05-19
NK7666,CAI,EDI,NK,2024-04-07
PX3503,SYD,PUJ,PX,2024-09-06
JT6956,PTY,LEJ,JT,2024-01-02
JA2933,MXP,CPH,JA,2024-08-15
UK7407,BFS,KIN,UK,2024-08-16
SA1185,BOG,DEN,SA,2024-03-18
IB2749,ATL,NAS,IB,2024-06-11
WS5315,PEK,BFS,WS,2024-06-27
JA8186,CDG,ARN,JA,2024-09-12
BA7468,EDI,LIM,BA,2024-05-07
EY5278,POS,HAN,EY,2024-07-06
EW6849,EZE,BKK,EW,2024-09-09
LA4260,FRA,ATL,LA,2024-05-08
CA8178,KEF,AKL,CA,2024-03-24
ME8980,NAS,CPT,ME,2024-07-20
HU7007,BER,LHR,HU,2024-03-23
JU7893,MUC,DUB,JU,2024-08-10
WB3350,DXB,WLG,WB,2024-08-29
AC9898,MUC,CWL,AC,2024-09-07
WN6794,SIN,HND,WN,2024-07-08
OS504,JNB,ATH,OS,2024-04-30
SQ8296,BER,IST,SQ,2024-05-02
RO692,LPL,BKK,RO,2024-02-01
MU2730,FRA,MEL,MU,2024-04-07
MH865,FCO,YYZ,MH,2024-08-09
LO8035,ICN,PRG,LO,2024-08-04
JA4170,WAW,AMS,JA,2024-01-01
HU4315,PTY,EDI,HU,2024-08-05
HY5239,HAJ,MBJ,HY,2024-07-26
VS4156,BOM,AKL,VS,2024-01-14
JU9104,CGK,HND,JU,2024-01-08
B6167,NAS,HKG,B6,2024-08-16
RO5405,BER,BKK,RO,2024-09-13
DT3323,SGN,VIE,DT,2024-07-26
VS4841,SYD,GUA,VS,2024-03-03
PR590,POS,WLG,PR,2024-09-26
LA728,TLS,AMS,LA,2024-02-28
KL1552,NCE,DEN,KL,2024-04-11
HU6581,PEK,BHX,HU,2024-03-20
JU4802,EDI,DFW,JU,2024-04-20
OZ9834,STR,BSL,OZ,2024-05-21
AF6473,DFW,BOD,AF,2024-09-11
HY6135,MEX,SAL,HY,2024-03-09
NZ4283,SYD,BSL,NZ,2024-05-20
AA4701,GRU,ICN,AA,2024-05-14
NZ8461,BRS,MBJ,NZ,2024-05-31
AS5813,EZE,BER,AS,2024-05-02
AA2429,MXP,MEL,AA,2024-09-13
LX2467,SDQ,BKK,LX,2024-01-04
6E2151,NAS,MAN,6E,2024-09-25
ET5881,GRU,SCL,ET,2024-09-27
HU1197,BUD,GLA,HU,2024-05-01
G31834,MBJ,GUA,G3,2024-01-25
TK8195,SAL,WLG,TK,2024-09-09
UA8346,NAS,ARN,UA,2024-02-19
GA4255,LIS,MAN,GA,2024-04-29
AT9624,PRG,BER,AT,2024-07-27
SQ4184,AMS,PEK,SQ,2024-02-08
AS3155,HAN,KEF,AS,2024-06-08
CZ5270,KEF,ORD,CZ,2024-08-06
FJ8786,DFW,WAW,FJ,2024-03-17
DT3879,TLS,SAL,DT,2024-09-04
LH1608,ICN,PTY,LH,2024-03-12
AV3650,MNL,HAM,AV,2024-05-13
HX269,MAD,WLG,HX,2024-05-23
EY563,LIM,STR,EY,2024-09-12
DL4110,LYS,HAN,DL,2024-03-29
HX5973,PUJ,DOH,HX,2024-05-04
SK8654,CPT,ORD,SK,2024-03-10
UK4647,GLA,SGN,UK,2024-09-10
AM1309,BHX,BCN,AM,2024-07-28
6E4400,MAD,GVA,6E,2024-01-12
LA4411,HAJ,NTE,LA,2024-08-13
RJ2214,HAJ,BCN,RJ,2024-03-19
AH3587,DOH,SCL,AH,2024-01-22
NZ522,BOD,DXB,NZ,2024-05-23
U29543,LEJ,AMS,U2,2024-04-16
GA2999,YYZ,ARN,GA,2024-08-13
AM6396,SYD,JNB,AM,2024-01-05
NK1820,DUB,AMS,NK,2024-08-27
WB116,LEJ,STR,WB,2024-08-10
W66396,ATH,CPH,W6,2024-06-14
JA4920,TLS,GIG,JA,2024-06-19
MK1828,ARN,MAN,MK,2024-05-17
LO2110,SCL,HEL,LO,2024-02-02
OS7857,CDG,NUE,OS,2024-03-24
NK5973,BFS,GUA,NK,2024-09-24
MS3375,PUJ,BFS,MS,2024-02-09
NZ5387,MEL,NTE,NZ,2024-09-09
TR9391,BFS,NUE,TR,2024-02-27
W66364,HEL,GUA,W6,2024-03-29
FI4207,GLA,BSL,FI,2024-07-16
AC4993,CPH,WAW,AC,2024-03-08
FJ6058,KIN,LIS,FJ,2024-06-30
HU442,GIG,WAW,HU,2024-05-18
CX6011,LIS,HAN,CX,2024-02-09
PR1097,BFS,LHR,PR,2024-01-29
AR3058,LPL,DEN,AR,2024-03-30
SA7523,LHR,CWL,SA,2024-04-17
AA2176,BRS,OSL,AA,2024-09-02
TG7008,BER,AMS,TG,2024-06-03
AT853,SYD,CWL,AT,2024-05-19
JT2936,PEK,AKL,JT,2024-04-20
AT7306,PRG,BRS,AT,2024-01-12
AM9779,DFW,ATH,AM,2024-01-24
FJ8695,MAD,HAV,FJ,2024-05-20
LO9373,CPH,MXP,LO,2024-08-29
AF8040,POS,GVA,AF,2024-09-25
HY2580,ZRH,GIG,HY,2024-04-09
LX8214,BOG,POS,LX,2024-04-24
IB8181,AMS,BRS,IB,2024-05-27
KL9220,MXP,MAN,KL,2024-05-02
EY5653,WAW,MEL,EY,2024-03-20
AF4671,LIS,AKL,AF,2024-07-18
ME416,SGN,GIG,ME,2024-03-09
QF8411,DOH,NUE,QF,2024-05-18
AM7893,DOH,ORD,AM,2024-09-26
PR8708,MRS,KEF,PR,2024-06-23
AM6198,NTE,ZRH,AM,2024-07-24
VA4942,PEK,HAM,VA,2024-06-28
FJ5826,WAW,GRU,FJ,2024-09-07
J22079,DUS,BRS,J2,2024-09-14
AM571,LPL,AMS,AM,2024-05-03
JT2676,DXB,BRU,JT,2024-04-20
FR507,LIM,PRG,FR,2024-07-27
JL1111,DEN,IST,JL,2024-09-09
SQ1406,SDQ,HKG,SQ,2024-06-09
TP4164,MBJ,HND,TP,2024-01-14
VY2867,HND,TLS,VY,2024-06-21
MS3948,HAM,BHX,MS,2024-04-15
WB6923,OSL,HKG,WB,2024-06-25
UK6963,IST,BCN,UK,2024-05-07
IB9565,MEX,JNB,IB,2024-03-21
SV4524,HKG,MEX,SV,2024-09-18
Y43074,HAN,WLG,Y4,2024-05-15
UK5628,AKL,MAN,UK,2024-03-13
FR2788,PEK,BFS,FR,2024-09-18
AH5436,NAS,SCL,AH,2024-07-21
WN5642,EZE,PEK,WN,2024-07-20
VB1472,LEJ,NTE,VB,2024-03-06
A3806,SJO,HAM,A3,2024-03-30
UA636,BHX,WAW,UA,2024-07-10
MS3058,FRA,NTE,MS,2024-09-10
AM3624,NTE,AKL,AM,2024-09-15
LH3150,DEN,BRU,LH,2024-03-06
A31224,SCL,MAN,A3,2024-05-21
KU9549,KIN,CAI,KU,2024-08-14
J27070,LYS,GLA,J2,2024-09-22
KQ4032,BOD,ZRH,KQ,2024-03-12
HY369,CHC,AKL,HY,2024-05-21
LO8762,HAV,MNL,LO,2024-06-24
MS4345,BOG,CGN,MS,2024-05-26
IB4170,FRA,HEL,IB,2024-03-29
LH3083,MAN,WAW,LH,2024-05-16
SG4525,DUB,HAN,SG,2024-03-27
WB8029,LHR,GLA,WB,2024-09-06
HY1369,MAN,MRS,HY,2024-08-01
KL3920,BOM,CPH,KL,2024-02-28
NZ1748,SAL,NUE,NZ,2024-03-11
Y45789,POS,FRA,Y4,2024-01-27
AR8068,MEX,BER,AR,2024-07-30
VS9265,PTY,GVA,VS,2024-06-22
H21586,NUE,MRS,H2,2024-05-06
UK7928,DFW,SJO,UK,2024-09-05
QF4900,LPL,DXB,QF,2024-02-26
PC9424,SYD,HAN,PC,2024-09-12
OB2208,GVA,BFS,OB,2024-03-16
QR7330,ICN,BSL,QR,2024-02-03
WN8719,MAN,NCL,WN,2024-05-12
PX3939,ATL,ORD,PX,2024-07-25
UA5069,CAI,DXB,UA,2024-05-30
UK8180,NCE,PRG,UK,2024-06-04
UK3978,SAL,LYS,UK,2024-08-15
LO6684,BER,LIS,LO,2024-01-25
LA8475,POS,YYZ,LA,2024-02-11
Y42870,CWL,SCL,Y4,2024-08-05
CX5150,MAN,DXB,CX,2024-05-21
F98241,HAN,BUD,F9,2024-01-07
SV3231,BRS,BSB,SV,2024-01-25
W61679,LBA,HAN,W6,2024-02-16
SV1751,DUB,DFW,SV,2024-09-08
H28790,DXB,CPT,H2,2024-06-07
FZ230,KIN,MEX,FZ,2024-09-06
WY4204,MEX,VIE,WY,2024-08-05
AY1037,DXB,HEL,AY,2024-04-02
JU4659,LIM,POS,JU,2024-06-02
F99634,PUJ,DEN,F9,2024-05-07
FR2011,SIN,SYD,FR,2024-02-23
WS1974,FRA,CGN,WS,2024-03-25
TR7903,ICN,PEK,TR,2024-05-24
TU5441,SAL,NCL,TU,2024-08-09
NK7459,SIN,MBJ,NK,2024-08-01
NK4591,NAS,FCO,NK,2024-02-09
JL8094,CPH,SCL,JL,2024-05-20
AR9238,KEF,GVA,AR,2024-08-27
EK1468,DEL,HAN,EK,2024-02-12
QF1252,HEL,DUB,QF,2024-03-11
KE2671,CPH,BCN,KE,2024-06-28
MU878,DUB,ICN,MU,2024-04-23
PC252,TLS,WAW,PC,2024-08-15
JU1575,LIS,ZRH,JU,2024-03-19
H22821,BFS,BKK,H2,2024-08-25
SV908,MAN,LEJ,SV,2024-04-19
LA8728,BOG,SDQ,LA,2024-03-26
KU1205,HAM,DEN,KU,2024-03-27
HX7824,FCO,DXB,HX,2024-02-24
VB6093,SYD,ATL,VB,2024-09-27
MK8974,GUA,BHX,MK,2024-06-17
VB8658,MRS,LPL,VB,2024-01-20
MH6777,JNB,PUJ,MH,2024-06-08
BT3456,BOG,DUB,BT,2024-07-13
LA6969,HND,PEK,LA,2024-03-19
AR4881,FRA,BSL,AR,2024-03-18
CX1457,NCL,KIN,CX,2024-09-10
OZ5169,POS,NCL,OZ,2024-02-04
VA827,STR,BOG,VA,2024-08-28
AC1444,CGN,BHX,AC,2024-08-19
GF1844,DUS,DUB,GF,2024-03-12
GF1667,GUA,CGK,GF,2024-09-22
ME2494,HKG,DEL,ME,2024-07-25
UA6371,PUJ,HEL,UA,2024-07-10
FR3200,SCL,HAN,FR,2024-03-18
MK1307,LEJ,CPH,MK,2024-05-09
F92270,IST,CGN,F9,2024-08-07
AM6441,HAV,WAW,AM,2024-02-10
MU6773,MXP,BFS,MU,2024-02-23
KQ9867,CGN,HAV,KQ,2024-06-03
6E4595,ATL,SDQ,6E,2024-05-11
CA6338,GIG,BRU,CA,2024-04-14
LO8672,BKK,WAW,LO,2024-09-14
CA6620,BOG,BUD,CA,2024-01-09
MK2362,EZE,PRG,MK,2024-07-02
OS8966,PUJ,BRS,OS,2024-07-16
EW8549,CGK,HAV,EW,2024-05-06
VB2458,SIN,LIS,VB,2024-06-18
JA225,LEJ,MAD,JA,2024-01-07
PR260,CHC,PUJ,PR,2024-07-13
OB3945,HEL,LPL,OB,2024-04-19
SQ1620,EZE,DEL,SQ,2024-09-08
UL8401,BRU,GLA,UL,2024-06-16
WN6221,STR,ZRH,WN,2024-08-22
AM8138,ATH,MRS,AM,2024-06-01
EW933,IST,SJO,EW,2024-08-04
AY9322,HKG,NUE,AY,2024-09-27
ET1322,LBA,SYD,ET,2024-06-07
JA7682,NUE,SIN,JA,2024-01-19
DL5457,HND,VIE,DL,2024-03-23
PR4866,SGN,HAM,PR,2024-08-28
LX2625,DFW,LHR,LX,2024-04-19
JA5133,SIN,GVA,JA,2024-03-02
SA7719,AMS,MEX,SA,2024-05-09
ET4089,BOM,ATH,ET,2024-07-01
MU8623,ORD,STR,MU,2024-05-06
6E870,BRS,SIN,6E,2024-06-25
G33047,NCE,MAN,G3,2024-08-14
AD459,JNB,BOD,AD,2024-01-08
BT5006,ATL,SDQ,BT,2024-04-17
UA7022,KIN,HAN,UA,2024-09-28
EY7118,CHC,AMS,EY,2024-09-27
LX4422,BRS,LHR,LX,2024-02-19
RO692,SDQ,NTE,RO,2024-04-03
DL8708,FCO,NAS,DL,2024-07-03
TP7226,NTE,BER,TP,2024-08-11
SK3640,GLA,BRS,SK,2024-02-11
VY8343,DFW,BRU,VY,2024-03-06
A39647,KIN,SYD,A3,2024-06-21
QR6702,BHX,BOD,QR,2024-03-25
DT5398,CPT,MUC,DT,2024-08-19
CZ6874,BOG,NUE,CZ,2024-08-14
CX890,HKG,NTE,CX,2024-01-14
QR3868,MUC,AKL,QR,2024-05-20
NZ8353,LYS,BOM,NZ,2024-02-06
WS9518,FRA,BFS,WS,2024-04-01
OS1593,SAL,GUA,OS,2024-07-27
AD3176,YYZ,MRS,AD,2024-03-06
HX8433,ORD,CGN,HX,2024-04-11
BT1432,CWL,HAJ,BT,2024-04-21
VS3225,CPH,SAL,VS,2024-07-25
VS3222,MXP,NCL,VS,2024-08-21
TK2902,MEX,BHX,TK,2024-08-16
QH9570,NBO,NCE,QH,2024-03-04
AF6052,GUA,DFW,AF,2024-06-10
AM2134,BOG,CDG,AM,2024-08-03
TS4961,NTE,PEK,TS,2024-05-27
UL5765,MEX,MEL,UL,2024-06-27
B67838,MNL,BSL,B6,2024-02-05
B68743,YYZ,MEX,B6,2024-02-10
ET9366,YYZ,DEN,ET,2024-01-30
H27720,GVA,NCE,H2,2024-03-10
KM1366,NCE,ICN,KM,2024-09-10
AY6500,MXP,HAM,AY,2024-01-16
SV5624,PEK,MAD,SV,2024-07-27
UK671,PRG,AKL,UK,2024-01-02
KM8624,DEN,MUC,KM,2024-02-01
DL5314,SCL,LHR,DL,2024-08-12
PX784,CGK,MEL,PX,2024-03-03
GA8165,HKG,DEL,GA,2024-04-24
TR8347,BRU,HAM,TR,2024-02-01
KE6593,DUS,VIE,KE,2024-09-14
ET6169,EZE,AKL,ET,2024-01-16
AI8721,ZRH,LEJ,AI,2024-03-14
KL7102,NAS,FRA,KL,2024-03-20
TG3347,BRU,DOH,TG,2024-04-17
IB3491,LBA,CHC,IB,2024-08-21
LO6589,SCL,MXP,LO,2024-01-13
ME6536,NCL,BOM,ME,2024-03-07
VY3287,BSL,SGN,VY,2024-04-04
RJ1691,WLG,HEL,RJ,2024-05-21
AC5494,STR,GIG,AC,2024-04-16
LX5468,KEF,ATL,LX,2024-06-02
LX4174,LBA,HAM,LX,2024-05-25
LA9703,EDI,LYS,LA,2024-05-19
MS2539,HND,CGK,MS,2024-04-11
CA6338,MUC,HAN,CA,2024-04-08
ME4622,HAJ,ATH,ME,2024-01-09
BA8861,ATH,MAN,BA,2024-09-12
H23916,DEN,HAV,H2,2024-04-21
AH6042,CDG,SYD,AH,2024-06-27
AA9569,SIN,MNL,AA,2024-06-22
BA4671,PTY,JNB,BA,2024-04-01
EI7525,POS,ZRH,EI,2024-08-10
WN3947,ICN,SCL,WN,2024-05-18
VB5608,LAX,HAV,VB,2024-07-10
AC1341,NUE,DOH,AC,2024-09-05
RO1024,FCO,GIG,RO,2024-03-16
TS9585,EDI,FCO,TS,2024-07-29
FR7252,MUC,LIM,FR,2024-04-08
VA7670,MXP,KIN,VA,2024-08-02
FI362,CPT,GRU,FI,2024-03-01
AM7501,CAI,DEN,AM,2024-05-02
LX1381,CAI,LIM,LX,2024-04-04
KE7097,BUD,MNL,KE,2024-09-13
GF7326,BRU,HEL,GF,2024-06-05
U23185,SDQ,ARN,U2,2024-09-18
IB3709,KIN,BFS,IB,2024-09-16
PR4262,BSB,JNB,PR,2024-09-05
RO2897,NTE,HAV,RO,2024-09-12
VS4021,PEK,DUS,VS,2024-03-21
TU9136,HAV,MAD,TU,2024-04-17
PR336,IST,LEJ,PR,2024-05-12
VN4750,CWL,HEL,VN,2024-05-29
PR6752,CPT,DUS,PR,2024-07-29
RO8490,GUA,AMS,RO,2024-09-05
MH4016,CPT,DEN,MH,2024-05-07
SG3127,MNL,CDG,SG,2024-02-05
NH5464,DFW,DEN,NH,2024-03-25
SA7096,GIG,OSL,SA,2024-06-21
PC5838,MUC,KIN,PC,2024-06-27
Y4415,SDQ,CHC,Y4,2024-01-21
WB1690,LAX,GLA,WB,2024-06-22
RO3288,FRA,NCL,RO,2024-06-30
SG8061,MEX,BKK,SG,2024-02-03
AY8859,BOM,NTE,AY,2024-06-23
W62751,NTE,CHC,W6,2024-03-14
AH6200,GRU,ATL,AH,2024-05-28
KU5763,LPL,SAL,KU,2024-05-19
OS305,LYS,LHR,OS,2024-05-26
B61350,BOM,BOG,B6,2024-08-22
PR5720,LPL,AKL,PR,2024-03-05
OB3842,LAX,LEJ,OB,2024-06-24
JL300,DUS,LIM,JL,2024-08-10
FZ4059,BOD,SGN,FZ,2024-08-11
SG9396,IST,CHC,SG,2024-05-24
OB647,ATH,DUS,OB,2024-08-12
AM9617,LHR,PTY,AM,2024-01-01
HU6270,DUB,BRU,HU,2024-07-07
JT1032,WAW,PUJ,JT,2024-02-01
J2433,MUC,HAM,J2,2024-02-29
VN2955,MUC,MXP,VN,2024-04-08
KE4696,AMS,WLG,KE,2024-03-20
CZ8899,NCE,SCL,CZ,2024-03-20
SA5997,HAN,DUB,SA,2024-04-21
BA8416,LIS,NCL,BA,2024-01-12
SV4165,PRG,GLA,SV,2024-07-20
B62452,NUE,FCO,B6,2024-09-14
MS1410,MUC,FCO,MS,2024-04-18
KC8970,HND,BRU,KC,2024-08-03
NZ2495,DUS,BER,NZ,2024-02-08
KM7246,TLS,GLA,KM,2024-09-02
A33670,MEX,WLG,A3,2024-06-06
AD6903,IST,LBA,AD,2024-05-29
CZ583,NTE,NBO,CZ,2024-09-02
UK223,NCL,HAJ,UK,2024-05-26
MK5728,BCN,MAD,MK,2024-04-02
QH8874,LHR,MEL,QH,2024-02-10
ET7655,CAI,EDI,ET,2024-08-10
EY1431,TLS,LBA,EY,2024-03-10
OS4428,SCL,LPL,OS,2024-05-10
DL2561,ATL,BHX,DL,2024-03-06
WB6652,MBJ,FCO,WB,2024-09-16
SK5629,BFS,AMS,SK,2024-03-21
Y4226,FRA,BFS,Y4,2024-05-05
AS5328,VIE,SAL,AS,2024-01-08
EK7541,LYS,HKG,EK,2024-07-10
G34752,DEL,LIM,G3,2024-07-20
VY2201,LHR,BFS,VY,2024-04-06
AH5287,DEL,BOG,AH,2024-08-27
F92764,HEL,CPH,F9,2024-05-03
EY5009,BKK,LBA,EY,2024-08-24
CA6170,FCO,STR,CA,2024-02-08
TS2765,PUJ,BOM,TS,2024-05-18
DL6269,LHR,PUJ,DL,2024-03-03
JT2977,BOM,NBO,JT,2024-07-17
W68953,STR,ICN,W6,2024-09-23
HX9583,DUS,BER,HX,2024-09-09
FJ507,HAV,FCO,FJ,2024-08-10
AT4174,YYZ,GLA,AT,2024-04-16
JT631,IST,OSL,JT,2024-07-16
FJ219,SGN,BCN,FJ,2024-04-14
FR6089,YYZ,CAI,FR,2024-09-15
VA6181,ATH,LIS,VA,2024-06-11
AD1540,BSB,NAS,AD,2024-01-17
CA4365,FCO,LEJ,CA,2024-06-14
TR2688,MEL,ATH,TR,2024-02-01
CZ4518,NTE,LBA,CZ,2024-01-13
UA9070,SIN,BOM,UA,2024-06-13
FJ8263,LAX,HAV,FJ,2024-06-30
KM4590,BER,JNB,KM,2024-05-19
VN2288,DUB,GVA,VN,2024-06-24
OB7225,ATH,STR,OB,2024-01-30
AD9608,LBA,HAV,AD,2024-05-29
QR4954,ICN,SCL,QR,2024-07-07
FR5286,KIN,POS,FR,2024-06-21
AA890,DFW,DOH,AA,2024-04-08
RJ250,HND,EDI,RJ,2024-04-19
QF2118,MEX,LHR,QF,2024-04-21
GF7024,OSL,SAL,GF,2024-06-12
SQ4662,MXP,AKL,SQ,2024-02-15
SQ5717,NCE,BER,SQ,2024-07-25
EW9588,SAL,FCO,EW,2024-09-14
AD9933,GUA,HKG,AD,2024-01-31
AR6202,BKK,YYZ,AR,2024-06-04
SA3256,LIS,SGN,SA,2024-04-26
PC9051,NCL,DUS,PC,2024-04-29
G33401,LPL,IST,G3,2024-03-19
LO4884,CWL,LAX,LO,2024-09-05
WB823,TLS,NCE,WB,2024-06-07
UL8743,WAW,LIM,UL,2024-03-05
TS6763,BHX,DOH,TS,2024-09-22
EK2965,AKL,LYS,EK,2024-07-23
A37345,SAL,PEK,A3,2024-03-16
GA9390,KIN,CGN,GA,2024-06-29
JU4520,TLS,BCN,JU,2024-09-19
SA864,CPH,MBJ,SA,2024-04-19
Y46999,FRA,LEJ,Y4,2024-05-20
SK3416,LIM,BFS,SK,2024-08-27
MH5545,NAS,MNL,MH,2024-01-28
AT1655,BOD,DUB,AT,2024-06-19
JL4466,BFS,KEF,JL,2024-06-18
GF9616,LYS,MEL,GF,2024-03-29
VY5107,GIG,DOH,VY,2024-03-18
LA9258,WAW,GRU,LA,2024-03-12
EK1948,DEL,STR,EK,2024-02-14
FI2100,HAM,LYS,FI,2024-02-20
AM7746,DXB,ARN,AM,2024-03-02
PX9220,DUS,HEL,PX,2024-09-28
WB1676,VIE,LYS,WB,2024-09-04
QF6580,BRS,NCE,QF,2024-09-02
AI6423,ORD,NBO,AI,2024-05-02
HU429,PRG,ORD,HU,2024-04-07
GF8656,NCE,NBO,GF,2024-06-18
VN856,LAX,BUD,VN,2024-04-11
FZ2867,DEN,NBO,FZ,2024-06-26
CZ8482,BRU,LIS,CZ,2024-01-10
VA6217,KIN,YYZ,VA,2024-09-30
MU3878,ATL,DOH,MU,2024-02-21
CZ7176,WAW,CPH,CZ,2024-03-04
FR1011,EZE,DEN,FR,2024-08-13
KM5935,GUA,DEL,KM,2024-06-20
FR9392,EZE,JNB,FR,2024-06-22
FZ2784,MBJ,WAW,FZ,2024-09-20
SQ1005,GLA,MBJ,SQ,2024-05-14
AF3271,GLA,FCO,AF,2024-04-26
HY5463,GIG,AMS,HY,2024-04-24
H28299,EDI,HAJ,H2,2024-09-28
SV5768,PRG,SJO,SV,2024-06-03
EK4596,HAV,CGK,EK,2024-04-30
BT6951,NCL,ORD,BT,2024-09-14
UL3362,BOG,CWL,UL,2024-05-17
A32509,DXB,SDQ,A3,2024-02-10
KL3099,HKG,SGN,KL,2024-04-30
VN5067,MEX,MRS,VN,2024-04-07
JL8491,GLA,NBO,JL,2024-07-31
Y47230,VIE,HKG,Y4,2024-01-15
F92811,BFS,NAS,F9,2024-07-02
TK1595,MAN,NAS,TK,2024-02-21
MS1645,MAN,DUS,MS,2024-01-06
SV8051,NCL,CPH,SV,2024-06-12
J26128,DXB,DUS,J2,2024-03-24
VY4748,BSL,BSB,VY,2024-05-26
FJ1220,HAJ,SJO,FJ,2024-06-22
WS7042,SDQ,NAS,WS,2024-04-19
6E9916,POS,ATL,6E,2024-09-17
FJ765,IST,DEN,FJ,2024-04-05
SG1166,BCN,BRS,SG,2024-09-22
LO1129,DUB,WLG,LO,2024-08-29
UA6464,GUA,BSL,UA,2024-03-22
AA972,NUE,MEL,AA,2024-09-26
PR8925,ATL,LPL,PR,2024-08-06
QH8504,LPL,STR,QH,2024-05-03
VY2649,GIG,AKL,VY,2024-04-19
LO8996,HKG,NBO,LO,2024-01-03
LA6987,BOG,HAN,LA,2024-01-08
QH5095,DOH,SGN,QH,2024-01-29
VA7944,ATL,MXP,VA,2024-03-21
DL6019,HEL,PRG,DL,2024-04-24
AM5191,DEL,LAX,AM,2024-08-24
OS9624,DFW,GUA,OS,2024-07-21
AR8247,MAD,HAN,AR,2024-06-15
HX1512,BUD,IST,HX,2024-08-31
QF5151,KEF,LYS,QF,2024-07-26
PC6261,ATH,ICN,PC,2024-09-30
KC572,DFW,HAJ,KC,2024-05-28
TP9572,HAM,DUS,TP,2024-02-05
VA8796,BHX,HAJ,VA,2024-01-26
HX1478,ATL,BOG,HX,2024-08-07
A36561,PTY,CAI,A3,2024-02-17
LO7044,EDI,BCN,LO,2024-07-20
JU8748,PTY,BSL,JU,2024-09-02
FR4728,WAW,WLG,FR,2024-07-08
IB5417,ATL,BFS,IB,2024-08-23
TK173,MBJ,BRU,TK,2024-01-04
FJ9027,HAN,PRG,FJ,2024-03-03
VA5246,ZRH,NCL,VA,2024-03-02
MS6968,EZE,ATL,MS,2024-04-21
TS2234,HND,HAV,TS,2024-01-19
HX5418,CWL,VIE,HX,2024-06-16
PC8588,DEL,CGN,PC,2024-02-09
KM5551,BUD,MEL,KM,2024-01-23
BT4002,GIG,MNL,BT,2024-03-19
MK884,ZRH,MEX,MK,2024-05-28
SG7986,YYZ,SDQ,SG,2024-03-30
GF4934,PUJ,OSL,GF,2024-09-21
OS6431,NCE,LIS,OS,2024-08-12
UA9046,HAM,YYZ,UA,2024-03-01
EK9217,MAN,MEL,EK,2024-06-11
CA499,BOM,MAD,CA,2024-09-06
AI6464,MNL,MXP,AI,2024-07-03
AD1590,MBJ,DXB,AD,2024-09-07
OB918,DUS,KIN,OB,2024-04-06
QF3033,DUS,HAJ,QF,2024-04-30
EY9565,DEL,STR,EY,2024-06-23
FI2862,IST,CGN,FI,2024-04-21
ET3286,LEJ,AKL,ET,2024-08-29
WB5791,ATH,BRS,WB,2024-08-21
HX9155,GVA,ICN,HX,2024-07-28
SA2422,BOD,DEL,SA,2024-01-31
IB4247,HND,NUE,IB,2024-09-23
VN7026,HKG,HAV,VN,2024-01-02
IB5445,MAD,MAN,IB,2024-02-21
AV5430,CPH,LIM,AV,2024-03-19
VS4991,GLA,OSL,VS,2024-05-14
AC4804,ATH,ATL,AC,2024-05-30
PC6878,HAV,BRU,PC,2024-03-02
QH447,MBJ,IST,QH,2024-01-08
G35259,FRA,LYS,G3,2024-04-05
AR558,NCL,PRG,AR,2024-09-12
VN8779,SDQ,FCO,VN,2024-01-06
DL8184,SGN,NUE,DL,2024-03-24
PR8431,SIN,DXB,PR,2024-07-02
QR8067,DEL,LIS,QR,2024-03-08
AS5562,CAI,DFW,AS,2024-07-25
UA4457,LBA,PRG,UA,2024-02-25
CA1310,STR,JNB,CA,2024-05-21
SK5871,LHR,ARN,SK,2024-03-07
JA2062,DEL,NBO,JA,2024-01-14
FZ7238,BKK,FCO,FZ,2024-01-02
KM7981,PRG,BER,KM,2024-01-16
QH828,MAD,BER,QH,2024-05-30
EY9183,DEL,JNB,EY,2024-06-23
WN9561,ORD,WLG,WN,2024-05-04
RO216,AMS,GLA,RO,2024-04-09
TU4941,POS,KEF,TU,2024-07-02
QR1028,EDI,MXP,QR,2024-08-13
OB9412,CDG,DEN,OB,2024-05-06
AM269,LYS,CWL,AM,2024-01-16
PX7112,BRS,OSL,PX,2024-07-27
AI9011,CWL,LIM,AI,2024-05-25
BA5087,LIS,MAN,BA,2024-03-25
EY2768,GIG,CPT,EY,2024-02-03
VB6230,MBJ,HND,VB,2024-03-24
QF8393,IST,HAN,QF,2024-01-12
AV5391,KEF,BCN,AV,2024-06-30
HX2045,BHX,GIG,HX,2024-05-03
FZ8531,ATL,BSB,FZ,2024-04-26
MU8909,CGN,BOM,MU,2024-04-07
MH6655,SCL,HND,MH,2024-05-16
VS1545,GUA,GVA,VS,2024-03-02
EY7677,GVA,CPH,EY,2024-02-08
OB8667,KEF,STR,OB,2024-05-22
UA9945,GLA,PTY,UA,2024-09-26
AF8531,HAV,LIM,AF,2024-06-03
WY5387,MNL,NUE,WY,2024-03-02
DT2408,GRU,DEN,DT,2024-08-11
JA6173,BHX,KEF,JA,2024-07-06
PC2996,LYS,BUD,PC,2024-08-15
J2536,VIE,LBA,J2,2024-09-02
EI6433,MXP,GLA,EI,2024-04-15
MU5183,NCL,FRA,MU,2024-03-12
JT3513,NCE,AMS,JT,2024-06-30
TG7923,EDI,ZRH,TG,2024-01-01
OS7766,LEJ,MNL,OS,2024-07-06
RJ4974,MUC,NTE,RJ,2024-05-01
AD837,PEK,SJO,AD,2024-07-08
LX6729,BER,GRU,LX,2024-06-24
HX4222,PTY,SCL,HX,2024-05-27
PX708,JNB,GVA,PX,2024-09-01
KQ2208,HAV,DOH,KQ,2024-02-10
TK835,NTE,SDQ,TK,2024-06-13
J27549,BOD,NTE,J2,2024-04-23
LH422,CPH,MRS,LH,2024-04-14
AA2417,MXP,JNB,AA,2024-08-17
VB9811,SIN,DOH,VB,2024-03-27
